Henderson	1308434937	0.000779290991803
Henderson	666952774	0.000760293541799
Henderson	2025223518	0.000755994060064
Henderson	-1471303160	0.000750847970754
Henderson	-1765476473	0.00074693415371
Henderson	-1062938201	0.000745818834149
Henderson	-725709802	0.000743803159002
Henderson	2051640514	0.000743800458862
Henderson	1142277591	0.000735617691888
Henderson	1843349329	0.000731466437772
Henderson	1932664030	0.000727948888869
Henderson	-2084717738	0.000725200187932
Henderson	501409372	0.000718753404266
Henderson	-1239363429	0.00070940136826
Henderson	474914425	0.000699296246221
Henderson	-1074943820	0.000698169078035
Henderson	-788938478	0.000696629117824
Henderson	-730641306	0.000694763428354
Henderson	-556821502	0.000694565161311
Henderson	-989719032	0.000693798665624
Henderson	-602866424	0.000693258567517
Henderson	64711336	0.000690105281425
Henderson	-511618372	0.000689702435586
Henderson	252752732	0.00068891614247
Henderson	-407201371	0.000687592553869
Henderson	1277221663	0.000687411565111
Henderson	-1146335017	0.000685278593793
Henderson	1741882558	0.000683872834385
Henderson	199445981	0.00068296315766
Henderson	1604478224	0.000682796610198
Henderson	-508244033	0.000681295389683
Henderson	175678570	0.000680390621283
Henderson	-1801941847	0.000677497153934
Henderson	1892588959	0.000674724985064
Henderson	-1049046736	0.00067405221121
Henderson	697329578	0.00067293845878
Henderson	-391130618	0.000671832110839
Henderson	416498819	0.000671785531086
Henderson	457629135	0.000671264515773
Henderson	642551602	0.000668053153639
Henderson	-654194460	0.000668004786862
Henderson	-935580619	0.000667345597589
Henderson	1936895612	0.00066711658521
Henderson	-238653896	0.000666442639018
Henderson	567799148	0.000664571303212
Henderson	1729724460	0.000664176816746
Henderson	-420145218	0.000662835268229
Henderson	638328415	0.000662759240683
Henderson	1140239347	0.000659830344055
Henderson	-1752031981	0.000658274675716
Henderson	1747873929	0.000655682251523
Henderson	-234278657	0.000652995755981
Henderson	-1698470822	0.000652351373669
Henderson	-732581732	0.000649153464762
Henderson	-455161812	0.000648533120374
Henderson	-756168705	0.000648180864074
Henderson	470597484	0.000648041018002
Henderson	1431013387	0.000646682463944
Henderson	-1888861991	0.000645803394167
Henderson	-1591140038	0.000645681307622
Henderson	1487604485	0.000641879636996
Henderson	1579950560	0.000641671526404
Henderson	-1695751731	0.000641424331349
Henderson	1571669181	0.000641206655219
Henderson	832568439	0.000641189035419
Henderson	172486878	0.000640312819346
Henderson	-682351403	0.000640053983191
Henderson	-1967328252	0.000639271709912
Henderson	-1439152283	0.000637817469007
Henderson	-321674644	0.000637150142475
Henderson	1518301294	0.000636644744086
Henderson	1135282021	0.000636563673922
Henderson	1613820536	0.000636385196474
Henderson	-1799223839	0.000634944409248
Henderson	-2102528864	0.000634495795828
Henderson	1546346231	0.000634495795828
Henderson	1954158154	0.000634366307175
Henderson	-805934689	0.000634178680228
Henderson	1324423116	0.000633237674211
Henderson	1333867258	0.000631884195393
Henderson	-51843671	0.00063183237213
Henderson	213158972	0.000631029683591
Henderson	852708410	0.000630859056186
Henderson	736773471	0.000627896849992
Henderson	2134070590	0.000626847666892
Henderson	1050445220	0.000626494633574
Henderson	-1735538967	0.000624098760336
Henderson	-925623678	0.00062384320441
Henderson	2118829531	0.000622392567259
Henderson	-1540857336	0.000622169352818
Henderson	-1988689725	0.000621896957843
Henderson	-1313664524	0.000621572139731
Henderson	-1029042921	0.000620498492647
Henderson	-2052689488	0.000620151729013
Henderson	-1509667162	0.0006193111481
Henderson	-1735256017	0.000619290631711
Henderson	-98970627	0.000619136752186
Henderson	793612626	0.000618709768922
Henderson	727370735	0.000618663876314
Henderson	-379910395	0.000618652515174
Henderson	66362082	0.000618562197043
Henderson	1242859275	0.000618348560404
Henderson	-1077017993	0.000618281995527
Henderson	787666603	0.000618185716466
Henderson	-1082060233	0.000617847652324
Henderson	1809277654	0.000617310726412
Henderson	6824089	0.00061674410211
Henderson	951977524	0.000616602057307
Henderson	869079724	0.000616186842779
Henderson	725377437	0.000616145370197
Henderson	665328003	0.000615589986763
Henderson	18028428	0.000614942700089
Henderson	-847004223	0.000614373100283
Henderson	881042229	0.000613018798809
Henderson	1498118979	0.000612280518018
Henderson	-96892282	0.000612148003956
Henderson	-712544244	0.000611634875931
Henderson	-120309325	0.000611631743428
Henderson	-162802637	0.000611579824062
Henderson	1738439532	0.000611264341164
Henderson	-1970793812	0.000611163541267
Henderson	989231876	0.000611137722384
Henderson	1765367201	0.000611037223067
Henderson	1594390985	0.000610533098566
Henderson	1308506790	0.000610529010263
Henderson	511621427	0.000610203584227
Henderson	-314995633	0.000609554049804
Henderson	-603702887	0.000609114504025
Henderson	-76493703	0.000609114504025
Henderson	170248374	0.000608711428081
Henderson	-1595370864	0.000608198334939
Henderson	1530117609	0.000608064741734
Henderson	-59214914	0.00060804622707
Henderson	568016339	0.000608025130261
Henderson	-1957342842	0.000607577560707
Henderson	1685853067	0.000607506664109
Henderson	1038877932	0.000607246842606
Henderson	-1721743413	0.000607246842606
Henderson	-17822546	0.000607246842606
Henderson	-219934213	0.000607246842606
Henderson	1629765397	0.000607246842606
Henderson	1509841778	0.000607246842606
Henderson	-766483356	0.000607246842606
Henderson	-1885959778	0.000607246842606
Henderson	819106934	0.000607246842606
Henderson	-1258119138	0.000607246842606
Henderson	-1728009814	0.000607246842606
Henderson	-998695347	0.000607246842606
Henderson	256949147	0.000607246842606
Henderson	-595804635	0.000607246842606
Henderson	1568588961	0.000607246842606
Henderson	-1005926627	0.000607246842606
Henderson	1856555319	0.000607246842606
Henderson	1024122099	0.000607246842606
Henderson	-895689150	0.000607246842606
Henderson	-3134827	0.000607246842606
Henderson	323556951	0.000607246842606
Henderson	-664725507	0.000607246842606
Henderson	-1800726016	0.000607246842606
Henderson	-752996604	0.000607246842606
Henderson	1014965361	0.000607246842606
Henderson	-108320349	0.000607246842606
Henderson	1875717063	0.000607246842606
Henderson	1904030218	0.000607246842606
Henderson	1887787371	0.000607246842606
Henderson	-1378525362	0.000607246842606
Henderson	1885694405	0.000607246842606
Henderson	-1919718592	0.000607246842606
Henderson	1706257590	0.000607246842606
Henderson	1532594279	0.000607246842606
Henderson	1491047441	0.000607246842606
Henderson	-706754497	0.000607246842606
Henderson	1544678468	0.000607246842606
Henderson	-2003929106	0.000607246842606
Henderson	1535607186	0.000607246842606
Henderson	-1978432816	0.000607246842606
Henderson	-1136295194	0.000607246842606
Henderson	-1674929422	0.000607246842606
Henderson	-900485127	0.000607246842606
Henderson	1615180033	0.000607246842606
Henderson	-1804487632	0.000607246842606
Henderson	-1728194111	0.000607246842606
Henderson	-263457518	0.000607246842606
Henderson	745144160	0.000607246842606
Henderson	-518040637	0.00060717366608
Henderson	1652282334	0.000606911234101
Henderson	1835541109	0.000606730223493
Henderson	1620500215	0.000606570648021
Henderson	-2133329999	0.000605930633496
Henderson	-941691767	0.000605666751759
Henderson	-99221817	0.000605311698069
Henderson	-802783372	0.000605203748112
Henderson	-804141770	0.000604670385267
Henderson	-276814687	0.000604656841658
Henderson	1672357383	0.000604412166672
Henderson	2109263562	0.000603465025189
Henderson	1789610302	0.00060291048235
Henderson	1468956843	0.00060233098522
Henderson	511159371	0.000601489269623
Henderson	-982650971	0.000601438982278
Henderson	762623389	0.00060131421647
Henderson	-503209497	0.000600907821562
Henderson	802089734	0.000600726356025
Henderson	-176240036	0.0006005924403
Henderson	-1755623859	0.000600370892051
Henderson	-624488988	0.000600370892051
Henderson	1154208552	0.000600370892051
Henderson	-1341347321	0.000600314796322
Henderson	1898716247	0.000600206486628
Henderson	910843862	0.000600170848995
Henderson	2146214024	0.000599973014293
Henderson	1654300269	0.000599339195927
Henderson	-1051723504	0.000599111439533
Henderson	734729965	0.000598954841676
Henderson	1740813666	0.000598683558376
Henderson	-1840721777	0.000598450864499
Henderson	-2037619017	0.000598184851068
Henderson	55678358	0.000598169879587
Henderson	800627026	0.000598093837473
Henderson	1688655403	0.000598003167551
Henderson	1263949235	0.00059782057282
Henderson	841386217	0.000597363116497
Henderson	-1880652070	0.000597178818706
Henderson	1096954402	0.000597029861196
Henderson	-836371403	0.000597006852249
Henderson	-1263580226	0.000596960563465
Henderson	1184971632	0.000596788856661
Henderson	657669107	0.000596554994539
Henderson	831166497	0.000596115916457
Henderson	1925160398	0.000595801677735
Henderson	395404626	0.000595424622361
Henderson	-1502437829	0.000595268811236
Henderson	-915966573	0.00059506916496
Henderson	383672014	0.000594470328425
Henderson	82094675	0.000594392054378
Henderson	-1035560200	0.000594098333098
Henderson	-1756263405	0.000593934002947
Henderson	1251909713	0.000593795407314
Henderson	-1264533757	0.000593599494696
Henderson	-76150104	0.000592942289436
Henderson	-1573683991	0.000592817676109
Henderson	738116748	0.000592662857095
Henderson	-1656400817	0.000591882291628
Henderson	1143004561	0.000591791994937
Henderson	1193887661	0.000591784025601
Henderson	1732082370	0.000591784025601
Henderson	497744311	0.000591784025601
Henderson	1173856603	0.00059144812349
Henderson	-1400614807	0.000591312642634
Henderson	-1422138928	0.000591151033209
Henderson	81205347	0.000591123084637
Henderson	-1931815641	0.000590798428212
Henderson	-774527954	0.000590602735589
Henderson	-827756541	0.000590551681323
Henderson	-1709450363	0.000590479418393
Henderson	-773661451	0.000590425097513
Henderson	-14079799	0.000590301529035
Henderson	-626919036	0.000589843871223
Henderson	-543247910	0.000589367755886
Henderson	-1676675361	0.00058929822725
Henderson	-723841682	0.000588858994579
Henderson	2038342454	0.000588856192829
Henderson	1595512127	0.000588856192829
Henderson	-181660889	0.000588854099098
Henderson	-930020601	0.000588659386157
Henderson	-207945233	0.00058814601845
Henderson	-2098325199	0.00058814601845
Henderson	-801876700	0.00058814601845
Henderson	-1513845480	0.000588097957382
Henderson	309615382	0.000588097957382
Henderson	-14099138	0.000588097957382
Henderson	-731590309	0.000588097957382
Henderson	1401141051	0.000588097957382
Henderson	-1501825718	0.000588097957382
Henderson	-135585313	0.000588097957382
Henderson	-988588828	0.000588097957382
Henderson	1418691614	0.000587758389845
Henderson	1589706623	0.00058750425498
Henderson	-649841762	0.000587342392999
Henderson	985591657	0.000587240379337
Henderson	-1920760021	0.00058678225408
Henderson	-1788675491	0.0005867499916
Henderson	-172091854	0.0005867499916
Henderson	478223533	0.000586380299605
Henderson	666166974	0.000585948609968
Henderson	676312755	0.000585846583726
Henderson	1616479646	0.000585758532662
Henderson	1296544572	0.000585630484188
Henderson	-83843656	0.000585570228198
Henderson	41670109	0.000585445843939
Henderson	1904446343	0.000585338741502
Henderson	618215062	0.000585012834671
Henderson	209442431	0.000584997860812
Henderson	1504148051	0.000584776087715
Henderson	1126607325	0.000584752401239
Henderson	-720557002	0.000584555522096
Henderson	1561667397	0.000584496619793
Henderson	-281141657	0.000584425624973
Henderson	493637618	0.000584327200273
Henderson	-2038123496	0.000584327200273
Henderson	-1503792786	0.00058388629785
Henderson	-1716120411	0.00058388629785
Henderson	-550471268	0.000583848869519
Henderson	1895637527	0.000583658525419
Henderson	-1808542110	0.000583658525419
Henderson	-1738871984	0.000583416654348
Henderson	-698410130	0.000582896969863
Henderson	-2117980497	0.00058282848734
Henderson	1168938837	0.000582534275471
Henderson	933194168	0.000582461673342
Henderson	-2095246936	0.000582374178248
Henderson	1601733841	0.000582374178248
Henderson	-447412465	0.000582234482029
Henderson	-550836336	0.000582121320242
Henderson	-1051711302	0.000581514163733
Henderson	1036390672	0.000581403593969
Henderson	924521171	0.000581402763392
Henderson	-651797957	0.000581283184791
Henderson	231989108	0.000581261775519
Henderson	869767071	0.00058116770562
Henderson	-83375135	0.000581091786636
Henderson	-669846685	0.000580902529697
Henderson	134294422	0.000580894240131
Henderson	625292872	0.000580842891116
Henderson	1562715758	0.000580723442232
Henderson	1229737105	0.000580702272057
Henderson	-233136479	0.000580695858302
Henderson	-1099222484	0.000580691933819
Henderson	1955329091	0.000580599961476
Henderson	-182109762	0.000580095713654
Henderson	-90741881	0.00057989829149
Henderson	-167320547	0.000579861098339
Henderson	1298466704	0.00057976233709
Henderson	1745851787	0.000579653265735
Henderson	-20056132	0.000579630177473
Henderson	683504903	0.000579575784756
Henderson	-1677717121	0.00057949616155
Henderson	-443991184	0.000579366927941
Henderson	-1597489601	0.000579347844342
Henderson	1510490750	0.000579342824637
Henderson	-549908839	0.000579311920345
Henderson	-1858728213	0.000579263596728
Henderson	-457549676	0.000579241355491
Henderson	384593904	0.000579188801937
Henderson	-505829461	0.000579185570618
Henderson	-1791639534	0.000578998672152
Henderson	-774840756	0.000578911050782
Henderson	167589445	0.000578911050782
Henderson	-1127505953	0.000578911050782
Henderson	732149575	0.000578911050782
Henderson	2083880504	0.000578888501143
Henderson	84292559	0.000578887104994
Henderson	1569176900	0.000578578919995
Henderson	-1747198418	0.000578558777675
Henderson	-1444211871	0.000578231443423
Henderson	1349322223	0.000578203925334
Henderson	-673066395	0.000578089943788
Henderson	1224653765	0.000578080480849
Henderson	1332595753	0.000578043109914
Henderson	841864571	0.00057792307395
Henderson	280360795	0.000577702485988
Henderson	-278613057	0.000577656776005
Henderson	1201536879	0.000577590807223
Henderson	1156994123	0.000577571042772
Henderson	-1069529569	0.000577467930632
Henderson	-408595148	0.000577463937865
Henderson	-313203885	0.000577411295619
Henderson	-125141542	0.000577411295619
Henderson	1989739183	0.000577411295619
Henderson	1285788878	0.000577411295619
Henderson	316447520	0.000577411295619
Henderson	536968039	0.000577384232293
Henderson	-575018387	0.000577355466359
Henderson	-436080776	0.000577355466359
Henderson	903646034	0.00057725271389
Henderson	2131687081	0.000577100443637
Henderson	1860703965	0.000577099264897
Henderson	-243578350	0.000576991840441
Henderson	2144410415	0.000576953910501
Henderson	-1857158884	0.000576890184046
Henderson	1475772881	0.000576890184046
Henderson	1323191274	0.000576883263092
Henderson	2096816707	0.000576771541476
Henderson	2041966061	0.00057672760588
Henderson	-39905381	0.000576707302556
Henderson	-1695882591	0.000576616762767
Henderson	364693686	0.000576569997462
Henderson	455406514	0.000576528062522
Henderson	1310232721	0.000576525255904
Henderson	1267041438	0.000576502649006
Henderson	-2058324948	0.000576360742509
Henderson	1183192047	0.000576235981297
Henderson	-1486802096	0.000576201026931
Henderson	1651577872	0.000576188134289
Henderson	342977776	0.000576152468409
Henderson	-1491326474	0.000576151695226
Henderson	-1810766702	0.000576049854385
Henderson	-1603000226	0.000576040394565
Henderson	1896545769	0.000576017536964
Henderson	1029971246	0.000575975133766
Henderson	1864644788	0.000575894651758
Henderson	-346362782	0.000575863998084
Henderson	-902281007	0.000575858877251
Henderson	536008105	0.000575780119791
Henderson	-23252763	0.000575779353036
Henderson	1506118415	0.000575712864453
Henderson	512586148	0.000575698267103
Henderson	-259982037	0.000575656809354
Henderson	1364688169	0.00057557317333
Henderson	-1939095217	0.000575511837293
Henderson	80468676	0.000575477404769
Henderson	2145669694	0.000575475112442
Henderson	-1171578037	0.000575395187134
Henderson	-1947523320	0.000575363242284
Henderson	1023841999	0.000575356353787
Henderson	-1889846201	0.000575348754357
Henderson	-1778873520	0.000575342460628
Henderson	1517660041	0.000575324291241
Henderson	2031659904	0.000575287786008
Henderson	-355604742	0.000575252640134
Henderson	1540351261	0.000575219297173
Henderson	-2003600810	0.000575219177931
Henderson	-1162189413	0.000575209758001
Henderson	-462328262	0.000575203006708
Henderson	1566925901	0.000575187839868
Henderson	-1146678962	0.000575111012409
Henderson	1971250878	0.000575099265215
Henderson	-997529114	0.000575086038953
Henderson	-1952414887	0.000575066475773
Henderson	-1996692412	0.000575066475773
Henderson	961140027	0.000575066475773
Henderson	-2007563106	0.000575066475773
Henderson	-110162753	0.000575066475773
Henderson	-2062537489	0.000575066475773
Henderson	-1037889984	0.000575066475773
Henderson	600772245	0.000575066475773
Henderson	-1321398580	0.000575066475773
Henderson	-1362293011	0.000575066475773
Henderson	-1941630969	0.000575066475773
Henderson	-658960228	0.000575066475773
Henderson	539038095	0.000575066475773
Henderson	1695486452	0.000575066475773
Henderson	-1615392160	0.000575066475773
Henderson	-914287535	0.000575066475773
Henderson	1213464582	0.000575066475773
Henderson	-1710228533	0.000575066475773
Henderson	-1901483213	0.000575066475773
Henderson	-1412824132	0.000575066475773
Henderson	-1661467693	0.000575066475773
Henderson	1130890225	0.000575066475773
Henderson	-1334049757	0.000575066475773
Henderson	-273677259	0.000575066475773
Henderson	-1333000809	0.000575066475773
Henderson	476710468	0.000575066475773
Henderson	237111054	0.000575066475773
Henderson	1028850040	0.000575066475773
Henderson	-788395522	0.000575066475773
Henderson	89394211	0.000575066475773
Henderson	-969274284	0.000575066475773
Henderson	1766329486	0.000575066475773
Henderson	615255315	0.000575066475773
Henderson	820161764	0.000575066475773
Henderson	-30274214	0.000575066475773
Henderson	-1567879766	0.000575066475773
Henderson	-1412559382	0.000575066475773
Henderson	442371745	0.000575066475773
Henderson	-1315303532	0.000575066475773
Henderson	731779002	0.000575066475773
Henderson	-146927613	0.000575066475773
Henderson	-1487400383	0.000575066475773
Henderson	351933468	0.000575066475773
Henderson	-1068231456	0.000575066475773
Henderson	-1793845945	0.000575066475773
Henderson	-670650776	0.000575066475773
Henderson	-668116209	0.000575066475773
Henderson	-160426238	0.000575066475773
Henderson	1369839531	0.000575066475773
Henderson	998643697	0.000575066475773
Henderson	259659777	0.000575066475773
Henderson	-572122870	0.000575066475773
Henderson	-1868162742	0.000575066475773
Henderson	-21095692	0.000575066475773
Henderson	-42984230	0.000575066475773
Henderson	-1700127432	0.000575066475773
Henderson	1127226684	0.000575066475773
Henderson	1918377304	0.000575066475773
Henderson	814751126	0.000575066475773
Henderson	646979053	0.000575066475773
Henderson	-1454104851	0.000575066475773
Henderson	-1941692499	0.000575066475773
Henderson	1828855928	0.000575066475773
Henderson	1832919295	0.000575066475773
Henderson	309469490	0.000575066475773
Henderson	-2105924819	0.000575066475773
Henderson	-1142414289	0.000575066475773
Henderson	-2055068484	0.000575066475773
Henderson	-535026426	0.000575066475773
Henderson	-937548092	0.000575066475773
Henderson	-1913116961	0.000575066475773
Henderson	624830297	0.000575066475773
Henderson	1159997405	0.000575066475773
Henderson	26617895	0.000575066475773
Henderson	529292356	0.000575066475773
Henderson	-1669584137	0.000575066475773
Henderson	970861437	0.000575066475773
Henderson	-1653331056	0.000575066475773
Henderson	1256205916	0.000575066475773
Henderson	78917255	0.000575066475773
Henderson	300691163	0.000575066475773
Henderson	2103849070	0.000575066475773
Henderson	-1829752688	0.000575066475773
Henderson	1140207847	0.000575066475773
Henderson	109457663	0.000575066475773
Henderson	-1149586675	0.000575066475773
Henderson	-993906030	0.000575066475773
Henderson	1738683054	0.000575066475773
Henderson	-343919902	0.000575066475773
Henderson	-551537926	0.000575066475773
Henderson	-125029563	0.000575066475773
Henderson	400044883	0.000575066475773
Henderson	-143772718	0.000575066475773
Henderson	929707318	0.000575066475773
Henderson	-570673251	0.000575066475773
Henderson	-949788984	0.000575066475773
Henderson	309082727	0.000575066475773
Henderson	-1678361862	0.000575066475773
Henderson	1272331084	0.000575066475773
Henderson	2098477952	0.000575066475773
Henderson	747518928	0.000575066475773
Henderson	-1217119262	0.000575066475773
Henderson	1068121168	0.000575066475773
Henderson	14695824	0.000575066475773
Henderson	-911720621	0.000575066475773
Henderson	1405239335	0.000575066475773
Henderson	303579212	0.000575066475773
Henderson	-1471528748	0.000575066475773
Henderson	-835567358	0.000575066475773
Henderson	1043350225	0.000575066475773
Henderson	-1283833037	0.000575066475773
Henderson	-1829092477	0.000575066475773
Henderson	-1809562438	0.000575066475773
Henderson	2140030158	0.000575066475773
Henderson	-1216592643	0.000575066475773
Henderson	-1618590349	0.000575066475773
Henderson	96618120	0.000575066475773
Henderson	1175865077	0.000575066475773
Henderson	-1076738084	0.000575066475773
Henderson	1745635578	0.000575066475773
Henderson	520767924	0.000575066475773
Henderson	1098533515	0.000575066475773
Henderson	-100774753	0.000575066475773
Henderson	654855378	0.000575066475773
Henderson	-1942745899	0.000575066475773
Henderson	1394494741	0.000575066475773
Henderson	1386106200	0.000575066475773
Henderson	1156599397	0.000575066475773
Henderson	-932818904	0.000575066475773
Henderson	-1726853066	0.000575066475773
Henderson	-781561566	0.000575066475773
Henderson	1674710430	0.000575066475773
Henderson	-369864117	0.000575066475773
Henderson	105796611	0.000575066475773
Henderson	203576361	0.000575066475773
Henderson	-1836166098	0.000575066475773
Henderson	140661807	0.000575066475773
Henderson	1799640131	0.000575066475773
Henderson	-1678354705	0.000575066475773
Henderson	1633965817	0.000575066475773
Henderson	-1329833507	0.000575066475773
Henderson	-1646372264	0.000575066475773
Henderson	1906465584	0.000575066475773
Henderson	-94872597	0.000575066475773
Henderson	1944214599	0.000575066475773
Henderson	-1433641879	0.000575066475773
Henderson	-1498915675	0.000575066475773
Henderson	-2146542382	0.000575066475773
Henderson	1455840905	0.000575066475773
Henderson	-867672426	0.000575066475773
Henderson	405430056	0.000575066475773
Henderson	-44277390	0.000575066475773
Henderson	-814302482	0.000575066475773
Henderson	-1461165596	0.000575066475773
Henderson	1823630037	0.000575066475773
Henderson	934569563	0.000575066475773
Henderson	-845388136	0.000575066475773
Henderson	-811702491	0.000575066475773
Henderson	-1988729006	0.000575066475773
Henderson	-1612159039	0.000575066475773
Henderson	-2137539565	0.000575066475773
Henderson	-781162170	0.000575066475773
Henderson	-18454003	0.000575066475773
Henderson	-1373082895	0.000575066475773
Henderson	2024958746	0.000575066475773
Henderson	87059560	0.000575066475773
Henderson	571675185	0.000575066475773
Henderson	2069786645	0.000575066475773
Henderson	-1737854890	0.000575066475773
Henderson	1849585906	0.000575066475773
Henderson	288256467	0.000575066475773
Henderson	83915845	0.000575066475773
Henderson	1249670545	0.000575066475773
Henderson	908268468	0.000575066475773
Henderson	-1471121700	0.000575066475773
Henderson	-528655857	0.000575066475773
Henderson	-2105771452	0.000575066475773
Henderson	1655339952	0.000575066475773
Henderson	775715988	0.000575066475773
Henderson	-1086817083	0.000575066475773
Henderson	-179929150	0.000575066475773
Henderson	-1254850471	0.000575066475773
Henderson	-1341488845	0.000575066475773
Henderson	-1967881412	0.000575066475773
Henderson	110527356	0.000575066475773
Henderson	-1444772899	0.000575066475773
Henderson	154698821	0.000575066475773
Henderson	-725711511	0.000575066475773
Henderson	-777746806	0.000575066475773
Henderson	-1494972403	0.000575066475773
Henderson	-1985967971	0.000575066475773
Henderson	271616484	0.000575066475773
Henderson	573868608	0.000575066475773
Henderson	-1374254496	0.000575066475773
Henderson	-764769523	0.000575066475773
Henderson	540183474	0.000575066475773
Henderson	-1069249319	0.000575066475773
Henderson	-1405317638	0.000575066475773
Henderson	1083871514	0.000575066475773
Henderson	-1329032858	0.000575066475773
Henderson	-1673324462	0.000575066475773
Henderson	-1460628886	0.000575066475773
Henderson	-749038628	0.000575066475773
Henderson	27431908	0.000575066475773
Henderson	-745237444	0.000575066475773
Henderson	-644049744	0.000575066475773
Henderson	-7825623	0.000575066475773
Henderson	-968189995	0.000575066475773
Henderson	246586171	0.000575066475773
Henderson	1150983212	0.000575066475773
Henderson	-786391673	0.000575066475773
Henderson	-1675583562	0.000575066475773
Henderson	-952689900	0.000575066475773
Henderson	141599390	0.000575066475773
Henderson	-147152142	0.000575066475773
Henderson	-1001610385	0.000575066475773
Henderson	1872667713	0.000575066475773
Henderson	-1655134931	0.000575066475773
Henderson	-513104489	0.000575066475773
Henderson	1584441048	0.000575066475773
Henderson	1171957548	0.000575066475773
Henderson	-1630099469	0.000575066475773
Henderson	-1640323035	0.000575066475773
Henderson	-987584358	0.000575066475773
Henderson	1114417643	0.000575066475773
Henderson	-690443412	0.000575066475773
Henderson	-791893040	0.000575066475773
Henderson	-1975865846	0.000575066475773
Henderson	-794382781	0.000575066475773
Henderson	461156072	0.000575066475773
Henderson	861450121	0.000575066475773
Henderson	984729597	0.000575066475773
Henderson	2046472233	0.000575066475773
Henderson	-1993035299	0.000575066475773
Henderson	-937250241	0.000575066475773
Henderson	223130278	0.000575066475773
Henderson	621982664	0.000575066475773
Henderson	1267905770	0.000575066475773
Henderson	1392425033	0.000575066475773
Henderson	543865049	0.000575066475773
Henderson	1158986009	0.000575066475773
Henderson	1710453825	0.000575066475773
Henderson	464985944	0.000575066475773
Henderson	427342994	0.000575066475773
Henderson	769178962	0.000575066475773
Henderson	604814771	0.000575066475773
Henderson	1368833625	0.000575066475773
Henderson	930379062	0.000575066475773
Henderson	-829898603	0.000575066475773
Henderson	-298925463	0.000575066475773
Henderson	607699900	0.000575066475773
Henderson	-1771909702	0.000575066475773
Henderson	-452801058	0.000575066475773
Henderson	53704	0.000575066475773
Henderson	-8202567	0.000575066475773
Henderson	864868058	0.000575066475773
Henderson	-682305795	0.000575066475773
Henderson	-1182737721	0.000575066475773
Henderson	-1113924754	0.000575066475773
Henderson	-1884365346	0.000575066475773
Henderson	-406921503	0.000575066475773
Henderson	-235348119	0.000575066475773
Henderson	-593698886	0.000575066475773
Henderson	-1646206960	0.000575066475773
Henderson	1396647262	0.000575066475773
Henderson	-327884422	0.000575066475773
Henderson	-1063198190	0.000575066475773
Henderson	678715388	0.000575066475773
Henderson	-1300700256	0.000575066475773
Henderson	184083491	0.000575066475773
Henderson	646505782	0.000575066475773
Henderson	-1343691058	0.000575066475773
Henderson	-259725279	0.000575066475773
Henderson	1338697844	0.000575066475773
Henderson	829221015	0.000575066475773
Henderson	306637124	0.000575066475773
Henderson	-2085295759	0.000575066475773
Henderson	728165276	0.000575066475773
Henderson	-961483542	0.000575066475773
Henderson	-727651063	0.000575066475773
Henderson	-850727659	0.000575066475773
Henderson	-1825378832	0.000575066475773
Henderson	735112777	0.000575066475773
Henderson	-1774129478	0.000575066475773
Henderson	680193782	0.000575066475773
Henderson	169799644	0.000575066475773
Henderson	-863440878	0.000575066475773
Henderson	-486346380	0.000575066475773
Henderson	687796708	0.000575066475773
Henderson	981661459	0.000575066475773
Henderson	-1322321879	0.000575066475773
Henderson	-1300694645	0.000575066475773
Henderson	-1412630116	0.000575066475773
Henderson	-1482753606	0.000575066475773
Henderson	859896405	0.000575066475773
Henderson	1188625029	0.000575066475773
Henderson	598801083	0.000575066475773
Henderson	2036660995	0.000575066475773
Henderson	-1350370077	0.000575066475773
Henderson	1518140753	0.000575066475773
Henderson	1873477034	0.000575066475773
Henderson	856751626	0.000575066475773
Henderson	-962527636	0.000575066475773
Henderson	-693567783	0.000575066475773
Henderson	1651441702	0.000575066475773
Henderson	-550698884	0.000575066475773
Henderson	91422868	0.000575066475773
Henderson	-323157777	0.000575066475773
Henderson	908919065	0.000575066475773
Henderson	1386938651	0.000575066475773
Henderson	817955192	0.000575066475773
Henderson	581763840	0.000575066475773
Henderson	1418921207	0.000575066475773
Henderson	22480133	0.000575066475773
Henderson	1416168779	0.000575066475773
Henderson	1722100663	0.000575066475773
Henderson	-1161492487	0.000575066475773
Henderson	-327219174	0.000575066475773
Henderson	-752547813	0.000575066475773
Henderson	-2122119005	0.000575066475773
Henderson	-427619959	0.000575066475773
Henderson	189336090	0.000575066475773
Henderson	-2054616546	0.000575066475773
Henderson	-26670453	0.000575066475773
Henderson	-209122522	0.000575066475773
Henderson	592513892	0.000575066475773
Henderson	-645329983	0.000575066475773
Henderson	1956713910	0.000575066475773
Henderson	-1529407998	0.000575066475773
Henderson	128390793	0.000575066475773
Henderson	1922373284	0.000575066475773
Henderson	388044458	0.000575066475773
Henderson	-24307790	0.000575066475773
Henderson	1834948686	0.000575066475773
Henderson	-700114777	0.000575066475773
Henderson	-32171843	0.000575066475773
Henderson	-1882384178	0.000575066475773
Henderson	-2129848008	0.000575066475773
Henderson	-480700073	0.000575066475773
Henderson	-120120956	0.000575066475773
Henderson	-1325983340	0.000575066475773
Henderson	102439456	0.000575066475773
Henderson	1800739410	0.000575066475773
Henderson	237969190	0.000575066475773
Henderson	665657145	0.000575066475773
Henderson	1244733847	0.000575066475773
Henderson	-1236590163	0.000575066475773
Henderson	-14998949	0.000575066475773
Henderson	229843777	0.000575066475773
Henderson	877077362	0.000575066475773
Henderson	-1154931664	0.000575066475773
Henderson	-1263721195	0.000575066475773
Henderson	-1453382185	0.000575066475773
Henderson	-1262016857	0.000575066475773
Henderson	884418250	0.000575066475773
Henderson	-2014763284	0.000575066475773
Henderson	1032005506	0.000575066475773
Henderson	2143234050	0.000575066475773
Henderson	-446748592	0.000575066475773
Henderson	1183525150	0.000575066475773
Henderson	-1903613588	0.000575066475773
Henderson	143469118	0.000575066475773
Henderson	-597087632	0.000575066475773
Henderson	-1127555987	0.000575066475773
Henderson	532753085	0.000575066475773
Henderson	-1076155680	0.000575066475773
Henderson	-1590851752	0.000575066475773
Henderson	929639537	0.000575066475773
Henderson	1444883585	0.000575066475773
Henderson	1463233717	0.000575066475773
Henderson	1032794676	0.000575066475773
Henderson	-1279971918	0.000575066475773
Henderson	-1069994523	0.000575066475773
Henderson	-224973327	0.000575066475773
Henderson	-1551814838	0.000575066475773
Henderson	108606838	0.000575066475773
Henderson	1080243655	0.000575066475773
Henderson	105068028	0.000575066475773
Henderson	-831047771	0.000575066475773
Henderson	1500068013	0.000575066475773
Henderson	517028872	0.000575066475773
Henderson	77020242	0.000575066475773
Henderson	206388900	0.000575066475773
Henderson	-1656144155	0.000575066475773
Henderson	-1564000256	0.000575066475773
Henderson	716737214	0.000575066475773
Henderson	561332382	0.000575066475773
Henderson	-10187970	0.000575066475773
Henderson	1955677326	0.000575066475773
Henderson	1761952958	0.000575066475773
Henderson	-1663220362	0.000575066475773
Henderson	453854848	0.000575066475773
Henderson	-1129756891	0.000575066475773
Henderson	1074214550	0.000575066475773
Henderson	-1318893436	0.000575066475773
Henderson	1591560398	0.000575066475773
Henderson	1585137982	0.000575066475773
Henderson	1805732270	0.000575066475773
Henderson	1979796103	0.000575066475773
Henderson	-567588063	0.000575066475773
Henderson	1128090437	0.000575066475773
Henderson	317016959	0.000575066475773
Henderson	1151159665	0.000575066475773
Henderson	90525143	0.000575066475773
Henderson	1716473310	0.000575066475773
Henderson	-31502285	0.000575066475773
Henderson	-388017835	0.000575066475773
Henderson	1408979376	0.000575066475773
Henderson	1237537280	0.000575066475773
Henderson	244798116	0.000575066475773
Henderson	404978364	0.000575066475773
Henderson	1010793773	0.000575066475773
Henderson	-611353173	0.000575066475773
Henderson	1491830337	0.000575066475773
Henderson	-1085961344	0.000575066475773
Henderson	1706134469	0.000575066475773
Henderson	-1320448776	0.000575066475773
Henderson	180456797	0.000575066475773
Henderson	-15364690	0.000575066475773
Henderson	-701633270	0.000575066475773
Henderson	55021133	0.000575066475773
Henderson	836603692	0.000575066475773
Henderson	-567701661	0.000575066475773
Henderson	1858355886	0.000575066475773
Henderson	-1296592567	0.000575066475773
Henderson	222401146	0.000575066475773
Henderson	-1407741071	0.000575066475773
Henderson	-1350593609	0.000575066475773
Henderson	-1604348834	0.000575066475773
Henderson	-1563978459	0.000575066475773
Henderson	841848199	0.000575066475773
Henderson	-357067280	0.000575066475773
Henderson	2101843464	0.000575066475773
Henderson	-733636951	0.000575066475773
Henderson	1934726908	0.000575066475773
Henderson	-1730663	0.000575066475773
Henderson	275748872	0.000575066475773
Henderson	-2015258519	0.000575066475773
Henderson	-749233695	0.000575066475773
Henderson	-1553491396	0.000575066475773
Henderson	2113116841	0.000575066475773
Henderson	1440586421	0.000575066475773
Henderson	-1512072435	0.000575066475773
Henderson	-164783325	0.000575066475773
Henderson	345087283	0.000575066475773
Henderson	80452973	0.000575066475773
Henderson	479436199	0.000575066475773
Henderson	2058067455	0.000575066475773
Henderson	-690380830	0.000575066475773
Henderson	907649130	0.000575066475773
Henderson	-1473535859	0.000575066475773
Henderson	1414003380	0.000575066475773
Henderson	1664370071	0.000575066475773
Henderson	1193648646	0.000575066475773
Henderson	1474273824	0.000575066475773
Henderson	2025342390	0.000575066475773
Henderson	1981653582	0.000575066475773
Henderson	-776887582	0.000575066475773
Henderson	-1608691645	0.000575066475773
Henderson	-82729650	0.000575066475773
Henderson	-17586555	0.000575066475773
Henderson	843556554	0.000575066475773
Henderson	18720735	0.000575066475773
Henderson	-770969216	0.000575066475773
Henderson	-1082939023	0.000575066475773
Henderson	1515432471	0.000575066475773
Henderson	-1857337563	0.000575066475773
Henderson	-236475278	0.000575066475773
Henderson	1130867853	0.000575066475773
Henderson	-640176949	0.000575066475773
Henderson	-2102416159	0.000575066475773
Henderson	-1656771357	0.000575066475773
Henderson	1612033344	0.000575066475773
Henderson	1673899379	0.000575066475773
Henderson	1698410165	0.000575066475773
Henderson	1946792053	0.000575066475773
Henderson	-449465341	0.000575066475773
Henderson	-1830701643	0.000575066475773
Henderson	-1593984781	0.000575066475773
Henderson	-1645364912	0.000575066475773
Henderson	919714171	0.000575066475773
Henderson	-328746576	0.000575066475773
Henderson	849066637	0.000575066475773
Henderson	1471527722	0.000575066475773
Henderson	-696796147	0.000575066475773
Henderson	236961060	0.000575066475773
Henderson	-1159968194	0.000575066475773
Henderson	-346177695	0.000575066475773
Henderson	-1243045912	0.000575066475773
Henderson	-1104560253	0.000575066475773
Henderson	-1231568879	0.000575066475773
Henderson	-1924677312	0.000575066475773
Henderson	-1355265291	0.000575066475773
Henderson	2135671306	0.000575066475773
Henderson	464372306	0.000575066475773
Henderson	1254474430	0.000575066475773
Henderson	2033042198	0.000575066475773
Henderson	-697520686	0.000575066475773
Henderson	1525925391	0.000575066475773
Henderson	1402062366	0.000575066475773
Henderson	-223230059	0.000575066475773
Henderson	-991180886	0.000575066475773
Henderson	-518141967	0.000575066475773
Henderson	1415956719	0.000575066475773
Henderson	1321585030	0.000575066475773
Henderson	-550516042	0.000575066475773
Henderson	-1805399227	0.000575066475773
Henderson	1857408279	0.000575066475773
Henderson	315215268	0.000575066475773
Henderson	-1223045557	0.000575066475773
Henderson	1337839208	0.000575066475773
Henderson	1697238693	0.000575066475773
Henderson	1482580282	0.000575066475773
Henderson	-109556413	0.000575066475773
Henderson	-1079390022	0.000575066475773
Henderson	1029131639	0.000575066475773
Henderson	-81931735	0.000575066475773
Henderson	397681607	0.000575066475773
Henderson	-1802251330	0.000575066475773
Henderson	616682618	0.000575066475773
Henderson	-2135042907	0.000575066475773
Henderson	758896076	0.000575066475773
Henderson	-867838158	0.000575066475773
Henderson	-754460719	0.000575066475773
Henderson	358733779	0.000575066475773
Henderson	-2024155148	0.000575066475773
Henderson	-577439391	0.000575066475773
Henderson	-1009906682	0.000575066475773
Henderson	11262588	0.000575066475773
Henderson	1089854446	0.000575066475773
Henderson	1282268238	0.000575066475773
Henderson	-681845649	0.000575066475773
Henderson	-156435937	0.000575066475773
Henderson	900848906	0.000575066475773
Henderson	-1515332327	0.000575066475773
Henderson	1523178862	0.000575066475773
Henderson	1586748830	0.000575066475773
Henderson	876988957	0.000575066475773
Henderson	578149912	0.000575066475773
Henderson	4185855	0.000575066475773
Henderson	1214766979	0.000575066475773
Henderson	255188912	0.000575066475773
Henderson	24240892	0.000575066475773
Henderson	-961158350	0.000575066475773
Henderson	655130263	0.000575066475773
Henderson	1921246288	0.000575066475773
Henderson	-1157765813	0.000575066475773
Henderson	1848239577	0.000575066475773
Henderson	-757340549	0.000575066475773
Henderson	-916068268	0.000575066475773
Henderson	427419829	0.000575066475773
Henderson	633334001	0.000575066475773
Henderson	840558987	0.000575066475773
Henderson	2106583709	0.000575066475773
Henderson	291891939	0.000575066475773
Henderson	-1425413021	0.000575066475773
Henderson	-1231295363	0.000575066475773
Henderson	1864101106	0.000575066475773
Henderson	31714582	0.000575066475773
Henderson	724430427	0.000575066475773
Henderson	-1574179206	0.000575066475773
Henderson	2109337497	0.000575066475773
Henderson	489549925	0.000575066475773
Henderson	253227256	0.000575066475773
Henderson	-455216864	0.000575066475773
Henderson	-906497728	0.000575066475773
Henderson	-1799228757	0.000575066475773
Henderson	-1672482048	0.000575066475773
Henderson	-1828195564	0.000575066475773
Henderson	-1353583711	0.000575066475773
Henderson	195687385	0.000575066475773
Henderson	1286861873	0.000575066475773
