North Las Vegas	539506685	0.00115760220206
North Las Vegas	-2140358908	0.00114955062958
North Las Vegas	1610261434	0.00114176528142
North Las Vegas	-851522099	0.00106479011239
North Las Vegas	-1870940473	0.00104558278795
North Las Vegas	1121360797	0.0010253078945
North Las Vegas	1954960335	0.00101869703876
North Las Vegas	-1341266255	0.00100671763985
North Las Vegas	-652235434	0.000983550003326
North Las Vegas	1646568106	0.000980376218663
North Las Vegas	1181377344	0.000975328415777
North Las Vegas	93022863	0.000974312487418
North Las Vegas	1271734564	0.000969181471027
North Las Vegas	-1987202691	0.00096261780327
North Las Vegas	1437713146	0.000959598647609
North Las Vegas	1541682982	0.000954623520191
North Las Vegas	1551381596	0.000954271294525
North Las Vegas	794702319	0.00095295491202
North Las Vegas	-2061892248	0.000951622565356
North Las Vegas	1785055859	0.000948934771821
North Las Vegas	1167895846	0.000948616269578
North Las Vegas	953752778	0.000947911785021
North Las Vegas	1736901538	0.000945795020061
North Las Vegas	-623020867	0.000945499781369
North Las Vegas	1144653019	0.000944887256293
North Las Vegas	-866227009	0.000943591838134
North Las Vegas	1325186367	0.000943469775317
North Las Vegas	429122630	0.000935224732481
North Las Vegas	1277276308	0.000934749440462
North Las Vegas	2119143349	0.00093136958309
North Las Vegas	-1566213600	0.000926612043372
North Las Vegas	151820838	0.000923344699347
North Las Vegas	-105591859	0.000923227606417
North Las Vegas	2129527129	0.000917622219048
North Las Vegas	-681833900	0.000917086534841
North Las Vegas	-495694006	0.000916178976056
North Las Vegas	-1385215009	0.000913596580256
North Las Vegas	-1188012418	0.00090765114094
North Las Vegas	-89807318	0.000906116905025
North Las Vegas	752848562	0.000904027373594
North Las Vegas	1012235262	0.000904013425926
North Las Vegas	-1233894843	0.000903787710981
North Las Vegas	-1805713252	0.000903522611834
North Las Vegas	-461073002	0.00089861014847
North Las Vegas	666207871	0.000896147872594
North Las Vegas	-374188664	0.00089321886658
North Las Vegas	-1293925392	0.000892773985118
North Las Vegas	914431298	0.000892057914734
North Las Vegas	1601360870	0.000891494921281
North Las Vegas	1555286074	0.000888212201906
North Las Vegas	1406975997	0.000886166827351
North Las Vegas	1552653917	0.000882564476826
North Las Vegas	-1827475880	0.000881083518188
North Las Vegas	-1021910701	0.00087844967218
North Las Vegas	1733964808	0.000866287712589
North Las Vegas	-663557699	0.000865506707455
North Las Vegas	-1422937704	0.000860548334708
North Las Vegas	676171787	0.000859931873395
North Las Vegas	-941898359	0.000858083836049
North Las Vegas	-1755992341	0.000857131076439
North Las Vegas	866570166	0.000851866073475
North Las Vegas	1912668265	0.000851702413465
North Las Vegas	-642025232	0.000850109235359
North Las Vegas	-1575450151	0.000848920363715
North Las Vegas	-2059720144	0.000848280830276
North Las Vegas	-1096194911	0.000847624937094
North Las Vegas	1418264087	0.000846349289716
North Las Vegas	1717193707	0.00084308160291
North Las Vegas	421630466	0.000842671796275
North Las Vegas	-803225391	0.000840467398323
North Las Vegas	-741983231	0.000836076444761
North Las Vegas	-842428857	0.000834280927373
North Las Vegas	-1979757157	0.000832791886258
North Las Vegas	-41626968	0.000831697969388
North Las Vegas	-361220400	0.000831020634301
North Las Vegas	-639914127	0.000830428840802
North Las Vegas	-1639800374	0.000828704314436
North Las Vegas	-1132533675	0.000827658787612
North Las Vegas	-796314698	0.000827113129034
North Las Vegas	-763655504	0.000826588298502
North Las Vegas	-362787454	0.00082202333331
North Las Vegas	1669528491	0.000821710567348
North Las Vegas	-787593009	0.000821004678751
North Las Vegas	40838885	0.000820669663341
North Las Vegas	-1873789254	0.000818522820555
North Las Vegas	1893385226	0.000818503547719
North Las Vegas	-1447969768	0.000815586153294
North Las Vegas	-1474530622	0.000815074808229
North Las Vegas	-454630550	0.000813188009705
North Las Vegas	528802593	0.000812579013176
North Las Vegas	-1094065152	0.000809076144797
North Las Vegas	-1649018982	0.000808950863617
North Las Vegas	-1289232262	0.000807320003814
North Las Vegas	-590014532	0.000806869007901
North Las Vegas	118746638	0.000806368102621
North Las Vegas	635306118	0.000805951058622
North Las Vegas	-1763929316	0.000805652733573
North Las Vegas	128859580	0.000802275090905
North Las Vegas	1654137878	0.00079782144443
North Las Vegas	82145810	0.000797163236948
North Las Vegas	2025557536	0.000795772591346
North Las Vegas	-1672190559	0.000790244624342
North Las Vegas	1832409407	0.00078946729013
North Las Vegas	441510933	0.000789119763444
North Las Vegas	2029703729	0.000787998357578
North Las Vegas	703127782	0.000787294865012
North Las Vegas	156700720	0.000786567747715
North Las Vegas	-578206163	0.000786369068801
North Las Vegas	-1136749793	0.000785170234068
North Las Vegas	630037790	0.000783029904857
North Las Vegas	1913814800	0.000782310749399
North Las Vegas	-324166544	0.000781463051894
North Las Vegas	-1023282612	0.000778450570674
North Las Vegas	1289908981	0.000778398015192
North Las Vegas	324378159	0.000776645896204
North Las Vegas	-1450321345	0.000776265356113
North Las Vegas	-1031986403	0.000775753206127
North Las Vegas	534922499	0.000773737319723
North Las Vegas	-240955894	0.000773464549795
North Las Vegas	-1095552370	0.000773292167933
North Las Vegas	-363862859	0.00077260575511
North Las Vegas	78545002	0.000772177163935
North Las Vegas	222790310	0.000770813330948
North Las Vegas	-1110623673	0.000766343611216
North Las Vegas	-241350481	0.000765552048696
North Las Vegas	42623726	0.000765044090132
North Las Vegas	161184725	0.000763506916872
North Las Vegas	-1238377670	0.000763320400179
North Las Vegas	-838032676	0.000761028267278
North Las Vegas	552643258	0.000761022912087
North Las Vegas	1882817354	0.000759910876257
North Las Vegas	-1739294835	0.000759264800676
North Las Vegas	1981953206	0.000759251604317
North Las Vegas	279997550	0.00075901421416
North Las Vegas	-390673535	0.000758906190934
North Las Vegas	206851643	0.000758817104866
North Las Vegas	889888880	0.000756951173154
North Las Vegas	-789316827	0.00075587434984
North Las Vegas	2001169213	0.000754335735119
North Las Vegas	-621034769	0.000752956993851
North Las Vegas	-521784590	0.000752901788957
North Las Vegas	1769422108	0.000752507900818
North Las Vegas	82527082	0.000751373213745
North Las Vegas	-463809932	0.000749761333739
North Las Vegas	-384985359	0.00074932253457
North Las Vegas	-913063091	0.000748672438034
North Las Vegas	-1213740186	0.000748396749753
North Las Vegas	751595102	0.000748368782486
North Las Vegas	-1805550838	0.000745564796944
North Las Vegas	-1457393808	0.000745150807994
North Las Vegas	263266046	0.00074502107475
North Las Vegas	-1900252950	0.000744211561638
North Las Vegas	-1803370802	0.000743917778007
North Las Vegas	-244499113	0.000743513276208
North Las Vegas	1752553777	0.00074326403909
North Las Vegas	-1306630170	0.000742958217871
North Las Vegas	1559211535	0.000741903733911
North Las Vegas	1455683778	0.000741867192691
North Las Vegas	1242506191	0.000741861781641
North Las Vegas	792332742	0.000741807463971
North Las Vegas	921435691	0.000741451124571
North Las Vegas	-268823957	0.000741451124571
North Las Vegas	1983534217	0.00074122821561
North Las Vegas	208787212	0.000741175455744
North Las Vegas	-445114529	0.000741092710912
North Las Vegas	-1021071355	0.000740937619277
North Las Vegas	89898727	0.000740737771368
North Las Vegas	-975599857	0.00074029309208
North Las Vegas	-254045115	0.000738894724196
North Las Vegas	-1263082053	0.00073686714815
North Las Vegas	736506142	0.000733818288048
North Las Vegas	-2012624731	0.000732454318719
North Las Vegas	1602604580	0.000732454318719
North Las Vegas	2037632432	0.000732400974156
North Las Vegas	-1603658121	0.000730813116401
North Las Vegas	129015315	0.000729759643215
North Las Vegas	1200620614	0.000729622823134
North Las Vegas	-184923002	0.000729622823134
North Las Vegas	-1629835318	0.000729622823134
North Las Vegas	-784735483	0.000729622823134
North Las Vegas	-1503035906	0.000729622823134
North Las Vegas	-1382679820	0.000729622823134
North Las Vegas	-1596157870	0.000729622823134
North Las Vegas	1879956627	0.00072956853735
North Las Vegas	-1234990756	0.000729406044951
North Las Vegas	-643266007	0.000728747781513
North Las Vegas	477269047	0.000728747781513
North Las Vegas	1283608700	0.000728747781513
North Las Vegas	245914752	0.000728747781513
North Las Vegas	-1028169433	0.000728747781513
North Las Vegas	1845517574	0.000728747781513
North Las Vegas	442490254	0.000728747781513
North Las Vegas	-1116082807	0.000728747781513
North Las Vegas	-1482705559	0.000728747781513
North Las Vegas	1867401968	0.000728747781513
North Las Vegas	-648385809	0.000728747781513
North Las Vegas	1079187302	0.000728747781513
North Las Vegas	1023070261	0.000728747781513
North Las Vegas	2144424822	0.000728747781513
North Las Vegas	-866509159	0.000728747781513
North Las Vegas	57259898	0.000728747781513
North Las Vegas	1524145105	0.000727887341564
North Las Vegas	-1533913153	0.000722107353799
North Las Vegas	-514901423	0.000718100381614
North Las Vegas	-448568198	0.000717517633067
North Las Vegas	671736698	0.000715498401684
North Las Vegas	232907944	0.000714498989566
North Las Vegas	-2125768917	0.000710905366204
North Las Vegas	1241440150	0.000710666638606
North Las Vegas	822701661	0.000709460208198
North Las Vegas	676162943	0.000707706875242
North Las Vegas	90180411	0.000706690200108
North Las Vegas	-1820010929	0.000705052475924
North Las Vegas	-196044777	0.000700990895066
North Las Vegas	-892462418	0.000700918550969
North Las Vegas	-1599429356	0.000700806662495
North Las Vegas	-885964125	0.000699549960459
North Las Vegas	-466687044	0.000697445242735
North Las Vegas	-463612475	0.000696318320476
North Las Vegas	-1959814368	0.000694856594263
North Las Vegas	1169505448	0.000691854247068
North Las Vegas	895931833	0.000691689138585
North Las Vegas	-1098149498	0.000691212537605
North Las Vegas	439393490	0.000689459907366
North Las Vegas	-2054973055	0.000688766617337
North Las Vegas	1266735041	0.000688088314719
North Las Vegas	467803014	0.000686895998587
North Las Vegas	126417114	0.000683408955676
North Las Vegas	-1513039332	0.000682340104149
North Las Vegas	1250444706	0.000680999368618
North Las Vegas	975743752	0.000680484009781
North Las Vegas	-911801583	0.000680390723435
North Las Vegas	224072411	0.000679330639187
North Las Vegas	883430823	0.000679276689768
North Las Vegas	526516762	0.000678305666906
North Las Vegas	1056587380	0.000677485369234
North Las Vegas	471332439	0.00067664682352
North Las Vegas	-1150712465	0.000676447510888
North Las Vegas	-1124166822	0.000675420957163
North Las Vegas	534760375	0.000674728687835
North Las Vegas	-357510129	0.000672644893525
North Las Vegas	-588795207	0.000669537479909
North Las Vegas	-1258178740	0.00066693805407
North Las Vegas	1942578895	0.000666473258728
North Las Vegas	737078822	0.000666198639159
North Las Vegas	-627804754	0.000666171371679
North Las Vegas	-1948600278	0.000665001907729
North Las Vegas	-1787202920	0.000664977650393
North Las Vegas	-1373258655	0.000664017129432
North Las Vegas	-332850651	0.000661876689865
North Las Vegas	2064869267	0.000661101292398
North Las Vegas	1964544551	0.000660339885421
North Las Vegas	-1977232469	0.000659093576524
North Las Vegas	272940509	0.000657908087454
North Las Vegas	1053696401	0.000657822218798
North Las Vegas	2053324980	0.00065779255977
North Las Vegas	1409654785	0.000657294204018
North Las Vegas	-878521041	0.000657082296195
North Las Vegas	-2093116446	0.000656219016237
North Las Vegas	-514545977	0.000655491391735
North Las Vegas	-1081221106	0.000652124954161
North Las Vegas	-134038441	0.000650537411786
North Las Vegas	-703642104	0.000649523844914
North Las Vegas	401519739	0.000648266038441
North Las Vegas	-778211346	0.000647991090849
North Las Vegas	-1354447455	0.000646527447791
North Las Vegas	1867633856	0.000644019294584
North Las Vegas	2071226426	0.00064390308636
North Las Vegas	-386547759	0.000643884199255
North Las Vegas	728033032	0.00064312279313
North Las Vegas	-1014019972	0.000642461548752
North Las Vegas	-226074818	0.000641929912906
North Las Vegas	1512649598	0.000641196230443
North Las Vegas	-1692958192	0.000639893795817
North Las Vegas	1003410709	0.000639226542578
North Las Vegas	-756472225	0.000639050163191
North Las Vegas	-399488996	0.000638976231095
North Las Vegas	597602443	0.000638547849985
North Las Vegas	506666418	0.00063797985736
North Las Vegas	1969463204	0.000637866836276
North Las Vegas	-1832391317	0.000637218458517
North Las Vegas	892885662	0.00063590684724
North Las Vegas	-301402314	0.000635728071546
North Las Vegas	-962806896	0.000634905041247
North Las Vegas	1496753864	0.000632711425437
North Las Vegas	109947893	0.00063253863435
North Las Vegas	-215580833	0.000630948785372
North Las Vegas	-767444146	0.000630484071799
North Las Vegas	-8144200	0.000629883969084
North Las Vegas	1097568828	0.00062978329555
North Las Vegas	924683061	0.000629444605982
North Las Vegas	-1629594203	0.000629320473354
North Las Vegas	-302907993	0.000628854531539
North Las Vegas	2137988929	0.000628699222621
North Las Vegas	-305901594	0.000628592657624
North Las Vegas	854950481	0.000628460596282
North Las Vegas	-739040668	0.000628400947813
North Las Vegas	1738820931	0.000628287823307
North Las Vegas	-1628401230	0.000628078531269
North Las Vegas	470744082	0.000627642804899
North Las Vegas	-1258498114	0.000626803101254
North Las Vegas	-855394928	0.000626423411771
North Las Vegas	140970092	0.000626257396763
North Las Vegas	-23807877	0.000625867439695
North Las Vegas	-1395682947	0.000624630944337
North Las Vegas	-973159911	0.000623530174714
North Las Vegas	-2089251195	0.000623311073636
North Las Vegas	-1031103167	0.000620878126618
North Las Vegas	-1888868082	0.000620767305158
North Las Vegas	1034286001	0.000619992708359
North Las Vegas	-1660023216	0.000619817974453
North Las Vegas	244921955	0.000619812948946
North Las Vegas	652655623	0.000619729955001
North Las Vegas	1363665061	0.000619670063869
North Las Vegas	-725090639	0.000619393433913
North Las Vegas	-2125070459	0.000619365081613
North Las Vegas	-1099222484	0.000619243240166
North Las Vegas	929959874	0.000619170594949
North Las Vegas	1066029768	0.000619008579439
North Las Vegas	1490932256	0.000618393444498
North Las Vegas	-593452420	0.000617523474085
North Las Vegas	-1544668477	0.000617336203285
North Las Vegas	-1164342893	0.000617113390328
North Las Vegas	364451513	0.000616580164345
North Las Vegas	970914472	0.000616287212679
North Las Vegas	-1537625187	0.000615141831084
North Las Vegas	1477951897	0.000614123479925
North Las Vegas	626531013	0.000614021681102
North Las Vegas	1152271036	0.000613624440969
North Las Vegas	1842724888	0.000613106951645
North Las Vegas	-1204081133	0.000612770764509
North Las Vegas	500924150	0.000612660770956
North Las Vegas	-1403585475	0.000610621235779
North Las Vegas	23688209	0.000610421670391
North Las Vegas	-660888926	0.000610352471701
North Las Vegas	492283459	0.000609783914154
North Las Vegas	1160098287	0.000609186932572
North Las Vegas	-552886039	0.000609130577256
North Las Vegas	-790890591	0.000608416474864
North Las Vegas	1036390672	0.000608040879711
North Las Vegas	-1835298081	0.000605705896722
North Las Vegas	-1628551704	0.00060542402674
North Las Vegas	767848896	0.00060542402674
North Las Vegas	-1950000902	0.000605280338262
North Las Vegas	-1481891233	0.000604864579834
North Las Vegas	1674948789	0.000604188075889
North Las Vegas	-1217807313	0.000603992588329
North Las Vegas	1088395456	0.000603858188751
North Las Vegas	-93672297	0.000603032971935
North Las Vegas	15040464	0.000602856662644
North Las Vegas	-405906251	0.000601923036648
North Las Vegas	394045820	0.000601530661183
North Las Vegas	-616383527	0.000601268110907
North Las Vegas	740062420	0.000600812136299
North Las Vegas	-1007236117	0.000600657549665
North Las Vegas	-495832973	0.000600059428658
North Las Vegas	1515295330	0.000599156514128
North Las Vegas	-1635286154	0.000599025044372
North Las Vegas	-1827550112	0.000597957135545
North Las Vegas	-150782437	0.000597049238238
North Las Vegas	2077240249	0.000596693433199
North Las Vegas	762029413	0.000596419866673
North Las Vegas	-2119358586	0.000596378950604
North Las Vegas	446984059	0.000596269571822
North Las Vegas	735193531	0.000596099529695
North Las Vegas	-1175418105	0.000596075489209
North Las Vegas	1913505597	0.000596018632723
North Las Vegas	-1392575548	0.000595905795496
North Las Vegas	368836783	0.000595444639085
North Las Vegas	-688811710	0.000595339440994
North Las Vegas	543778119	0.000595012591026
North Las Vegas	-1168804878	0.000594987174663
North Las Vegas	1715406842	0.000594850408925
North Las Vegas	1396720771	0.000594780534102
North Las Vegas	-1374425431	0.00059450966332
North Las Vegas	2141486990	0.000594233295561
North Las Vegas	27067319	0.000593485220964
North Las Vegas	1652231308	0.000593367097808
North Las Vegas	-755902612	0.000593316084499
North Las Vegas	748303710	0.000592640407176
North Las Vegas	1111403776	0.00059178082324
North Las Vegas	-1573017553	0.000591332212562
North Las Vegas	-128185205	0.000591155636929
North Las Vegas	-1475865689	0.000591056472217
North Las Vegas	1625027315	0.00059104823167
North Las Vegas	1942822091	0.000590768957842
North Las Vegas	-318743580	0.000590645153153
North Las Vegas	-1664564707	0.00059056439746
North Las Vegas	-216636289	0.000590548309848
North Las Vegas	1294262705	0.000590347108184
North Las Vegas	-1144529269	0.000590327549566
North Las Vegas	1866684626	0.000590130133461
North Las Vegas	-1296506314	0.000589701534818
North Las Vegas	863354443	0.000589170070649
North Las Vegas	1722746807	0.00058895055545
North Las Vegas	-1975434593	0.00058895055545
North Las Vegas	-1496695129	0.000588587878873
North Las Vegas	786300647	0.000587870459681
North Las Vegas	1920284294	0.000587869063959
North Las Vegas	-1407793526	0.000587768867851
North Las Vegas	-1288370799	0.000587768867851
North Las Vegas	1939639767	0.000587768867851
North Las Vegas	-853101348	0.000587448676802
North Las Vegas	-1382476010	0.000586661122203
North Las Vegas	-202738405	0.000586401016489
North Las Vegas	1296316215	0.00058636215416
North Las Vegas	-1399408772	0.000586308264596
North Las Vegas	13025554	0.000585748151611
North Las Vegas	123218917	0.00058454316574
North Las Vegas	421919681	0.000584135633528
North Las Vegas	136769245	0.000583374999421
North Las Vegas	-1739409388	0.000583310686126
North Las Vegas	1768333070	0.000583292732701
North Las Vegas	-992636286	0.00058300257206
North Las Vegas	557671511	0.000582700245369
North Las Vegas	-1732529935	0.000582651129923
North Las Vegas	-398705969	0.000582340027732
North Las Vegas	964551912	0.000581763190057
North Las Vegas	780497833	0.000581763190057
North Las Vegas	-1202552823	0.000581763190057
North Las Vegas	-741733438	0.000581709989021
North Las Vegas	1897426383	0.000580506213947
North Las Vegas	-1127748908	0.000580455659488
North Las Vegas	1284424987	0.000580209408913
North Las Vegas	-432212386	0.00057943637891
North Las Vegas	1164428204	0.000579103411786
North Las Vegas	888678175	0.000579044087271
North Las Vegas	-1774897107	0.00057853887897
North Las Vegas	389087757	0.000578376505217
North Las Vegas	1925579240	0.000577989886989
North Las Vegas	657955759	0.000577712256832
North Las Vegas	-1674277341	0.000577639088811
North Las Vegas	1048457663	0.000577408325327
North Las Vegas	-1070130120	0.000577285669936
North Las Vegas	-1709246192	0.000576551756934
North Las Vegas	-1847205269	0.00057637665627
North Las Vegas	-295753751	0.000576240567947
North Las Vegas	-622690387	0.000575775535142
North Las Vegas	2089502295	0.000575591952106
North Las Vegas	-1405327090	0.000575531777736
North Las Vegas	-581358114	0.000574883732159
North Las Vegas	-1889648543	0.000574395274722
North Las Vegas	507957463	0.000574325981641
North Las Vegas	-138385413	0.000574237709484
North Las Vegas	-1466617809	0.000573151353723
North Las Vegas	-1636905681	0.000572460533621
North Las Vegas	1113274294	0.000571755322278
North Las Vegas	-646816945	0.000571636406577
North Las Vegas	1660133542	0.000571356211559
North Las Vegas	-941927614	0.000570968078095
North Las Vegas	-1326934191	0.000570625589452
North Las Vegas	-1046654804	0.000570542634322
North Las Vegas	-1276931498	0.000570542634322
North Las Vegas	1552750955	0.000570542634322
North Las Vegas	-1116201528	0.000570542634322
North Las Vegas	-685103429	0.000570542634322
North Las Vegas	-1018496313	0.000570542634322
North Las Vegas	452069330	0.00057037886063
North Las Vegas	1630112739	0.000570344832637
North Las Vegas	-2130756016	0.000570170092139
North Las Vegas	-719491277	0.000569535937683
North Las Vegas	1089176865	0.0005692911855
North Las Vegas	220129554	0.000569245842586
North Las Vegas	-1645749596	0.000569023230833
North Las Vegas	-1036175033	0.000568584450859
North Las Vegas	-1342920785	0.000568107702586
North Las Vegas	1905280656	0.00056784817241
North Las Vegas	2042998204	0.00056775179594
North Las Vegas	613862589	0.000567571526983
North Las Vegas	1679693884	0.000567519171703
North Las Vegas	1754761113	0.000566776563711
North Las Vegas	1699375884	0.00056655444112
North Las Vegas	-950956395	0.000566370370151
North Las Vegas	-628197110	0.000566157083726
North Las Vegas	81899753	0.000566117528204
North Las Vegas	-1916130048	0.000566074913041
North Las Vegas	-662868868	0.000566018462855
North Las Vegas	775140462	0.000565896587128
North Las Vegas	-356576404	0.000565657923001
North Las Vegas	748707631	0.000565382456858
North Las Vegas	-1033451597	0.000565124498498
North Las Vegas	257223143	0.000564996918789
North Las Vegas	-1099315059	0.00056495276448
North Las Vegas	-123037880	0.0005649373121
North Las Vegas	244163362	0.000564508555887
North Las Vegas	-555743291	0.000563918904757
North Las Vegas	1591399541	0.000562675321068
North Las Vegas	-209246152	0.000562296659598
North Las Vegas	-1176657370	0.00056212323421
North Las Vegas	404708352	0.00056212323421
North Las Vegas	125076620	0.00056212323421
North Las Vegas	632550068	0.000562102162132
North Las Vegas	-1910765909	0.000561727026158
North Las Vegas	712359380	0.000561558866098
North Las Vegas	-1359976311	0.000561289682403
North Las Vegas	-2125002278	0.000561154755161
North Las Vegas	1161558633	0.000560995744458
North Las Vegas	-156952027	0.000560897629135
North Las Vegas	691952409	0.000560851242553
North Las Vegas	1808818872	0.000560786548515
North Las Vegas	-1785716710	0.000560769373836
North Las Vegas	1642242147	0.00056044218207
North Las Vegas	-10674344	0.000560097934901
North Las Vegas	-95058196	0.000559692943555
North Las Vegas	1065475015	0.000559536172637
North Las Vegas	-1694667764	0.000559298259774
North Las Vegas	-1564553258	0.000559193536952
North Las Vegas	2060549867	0.000559084614357
North Las Vegas	-1648075695	0.000559021582256
North Las Vegas	1205479190	0.000559009299783
North Las Vegas	-1838651218	0.000558978520634
North Las Vegas	1083488101	0.000558883329729
North Las Vegas	507286238	0.000558813379769
North Las Vegas	-1560183255	0.00055866337033
North Las Vegas	-879868753	0.000558226530249
North Las Vegas	477338588	0.000557843232994
North Las Vegas	38155202	0.000557786561462
North Las Vegas	-113839329	0.000557629136008
North Las Vegas	1104783569	0.000557579560468
North Las Vegas	-336813868	0.000557568895863
North Las Vegas	446662920	0.000556896860435
North Las Vegas	1490893461	0.000556583686763
North Las Vegas	1676190942	0.000556544804635
North Las Vegas	-1010077391	0.000556365924878
North Las Vegas	-1450377822	0.000556320350778
North Las Vegas	134294422	0.000556273568277
North Las Vegas	-610920820	0.000556133887263
North Las Vegas	2142147617	0.000556027878789
North Las Vegas	-819033410	0.000555870470752
North Las Vegas	952447662	0.00055580468556
North Las Vegas	1362847594	0.000555782985151
North Las Vegas	408490488	0.000555703387607
North Las Vegas	176210584	0.000555320596406
North Las Vegas	611930634	0.000554821029927
North Las Vegas	1289168936	0.00055468866339
North Las Vegas	-704383517	0.000554449140552
North Las Vegas	181856138	0.000554275542558
North Las Vegas	1556222926	0.000554275542558
North Las Vegas	-690747885	0.000554244099859
North Las Vegas	976921108	0.000554151887553
North Las Vegas	-412702909	0.000554151887553
North Las Vegas	-670596819	0.00055356360992
North Las Vegas	-2028840969	0.000553547326972
North Las Vegas	-498485045	0.000553037370415
North Las Vegas	1096707967	0.000552965818982
North Las Vegas	-1873858767	0.000552760615581
North Las Vegas	-120310752	0.000552596384778
North Las Vegas	1560401283	0.000552424901075
North Las Vegas	230185342	0.000552256743857
North Las Vegas	922933962	0.000552100793102
North Las Vegas	-1948423275	0.000552098870372
North Las Vegas	1592151531	0.000551755359227
North Las Vegas	2065677369	0.000551712469935
North Las Vegas	1808757099	0.000551119861125
North Las Vegas	-1457570990	0.000550952608477
North Las Vegas	1458542726	0.00055090488103
North Las Vegas	2105604665	0.000550675539468
North Las Vegas	2116766770	0.000550532034988
North Las Vegas	-40460124	0.000550484383457
North Las Vegas	938375904	0.000550280872393
North Las Vegas	-582799693	0.000550255490736
North Las Vegas	65931452	0.000549969150002
North Las Vegas	-669846685	0.000549784455779
North Las Vegas	-87721307	0.0005497447226
North Las Vegas	1415275984	0.000549183564769
North Las Vegas	-332724787	0.00054911567286
North Las Vegas	1585162096	0.000548977295777
North Las Vegas	-608317075	0.000548198393232
North Las Vegas	-615929766	0.000547774005228
North Las Vegas	1290397877	0.000547541188725
North Las Vegas	-544430329	0.000547103741814
North Las Vegas	-231261732	0.000546951185124
North Las Vegas	1879842332	0.000546853262989
North Las Vegas	975871415	0.000546818633724
North Las Vegas	1012989357	0.000546799090963
North Las Vegas	162737183	0.000546758532262
North Las Vegas	625292872	0.000546656669547
North Las Vegas	61356192	0.000546471211859
North Las Vegas	618322629	0.000546213747377
North Las Vegas	-769542483	0.000546160176178
North Las Vegas	-1509964224	0.000546054954751
North Las Vegas	955225290	0.00054603397751
North Las Vegas	-293847632	0.000545965801783
North Las Vegas	870860629	0.000545644581284
North Las Vegas	-108533440	0.000545613738653
North Las Vegas	322349400	0.000545314808181
North Las Vegas	-1941357337	0.000545200927401
North Las Vegas	1570693631	0.000545117919393
North Las Vegas	1152123706	0.000544966481428
North Las Vegas	-205431775	0.000544966481428
North Las Vegas	-1537707026	0.000544966481428
North Las Vegas	-261228008	0.000544966481428
North Las Vegas	642976583	0.000544909439774
North Las Vegas	446082386	0.00054487900962
North Las Vegas	-1262899268	0.000544810705089
North Las Vegas	-1314201948	0.000544685618153
North Las Vegas	-1489281241	0.000544582465871
North Las Vegas	-1548049078	0.000544528553478
North Las Vegas	1625545557	0.000544408618263
North Las Vegas	1545462673	0.000544028187183
North Las Vegas	-1562190446	0.000543782893608
North Las Vegas	-1434710484	0.000543274453429
North Las Vegas	1726388836	0.000543157616942
North Las Vegas	-750669415	0.000543105698277
North Las Vegas	-1225483043	0.000543105698277
North Las Vegas	179802625	0.0005428189275
North Las Vegas	1791277369	0.000542721944949
North Las Vegas	-118891360	0.000542470955237
North Las Vegas	1779786781	0.000542223069692
North Las Vegas	204256430	0.000541737915439
North Las Vegas	-1056463105	0.000541604754835
North Las Vegas	620555408	0.000541431470272
North Las Vegas	1176805059	0.00054140571977
North Las Vegas	-341650745	0.000541393560278
North Las Vegas	1858151280	0.000541274494477
North Las Vegas	-1736384281	0.000541180230943
North Las Vegas	2018022666	0.000541067676197
North Las Vegas	-387655166	0.000540900301087
North Las Vegas	559109329	0.000540435228334
North Las Vegas	107524314	0.000540414241213
North Las Vegas	1094407932	0.000540404960466
North Las Vegas	-325816214	0.000540095390874
North Las Vegas	336578214	0.000540070513118
North Las Vegas	-682678018	0.00053997174134
North Las Vegas	306963403	0.000539832655553
North Las Vegas	694796285	0.000539695325313
North Las Vegas	-2008771425	0.000539678536732
North Las Vegas	65372140	0.000539633796749
North Las Vegas	1166375436	0.000539162973467
North Las Vegas	-442279406	0.000539061535741
North Las Vegas	1667391913	0.000539017617036
North Las Vegas	-500776627	0.000538792413031
North Las Vegas	-986825814	0.000538579807607
North Las Vegas	-103227060	0.000538553600575
North Las Vegas	1562715758	0.000538284910437
North Las Vegas	1546848295	0.000538246421128
North Las Vegas	895410044	0.000538191871133
North Las Vegas	1738124216	0.000538174902547
North Las Vegas	1389006017	0.000538064813111
North Las Vegas	1869379974	0.000538031851508
North Las Vegas	-195708491	0.000538021762609
North Las Vegas	724069886	0.000537892337707
North Las Vegas	-252553951	0.000537705637178
North Las Vegas	915839884	0.000537642849135
North Las Vegas	-1805937794	0.00053746979375
North Las Vegas	392206669	0.000537459046864
North Las Vegas	-1327393768	0.000537146530493
North Las Vegas	708275024	0.000537141629682
North Las Vegas	736827156	0.000537102641443
North Las Vegas	-1862560631	0.000536978286604
North Las Vegas	322765105	0.000536838213824
North Las Vegas	-1889309325	0.000536759625649
North Las Vegas	403204670	0.000536650784522
North Las Vegas	-1426525318	0.000536611704557
North Las Vegas	612507339	0.00053653411644
North Las Vegas	-1728750629	0.00053643618045
North Las Vegas	1282940284	0.000536308988617
North Las Vegas	-255987626	0.000535971746849
North Las Vegas	1769162881	0.000535876635791
North Las Vegas	1786355152	0.000535871887729
North Las Vegas	-1523004374	0.000535677859082
North Las Vegas	-869475004	0.000535642607985
North Las Vegas	770998160	0.000535409497628
North Las Vegas	-1993751459	0.000535363662867
North Las Vegas	1448086671	0.000535212974615
North Las Vegas	891248504	0.000535164748268
North Las Vegas	635498927	0.000535077249175
North Las Vegas	831425006	0.000534629365292
North Las Vegas	-1741799949	0.000534589322691
North Las Vegas	1297172045	0.000534589322691
North Las Vegas	-116078332	0.000534589322691
North Las Vegas	-809416098	0.000534589322691
North Las Vegas	-2079836197	0.000534589322691
North Las Vegas	428134344	0.000534589322691
North Las Vegas	-857353680	0.000534589322691
North Las Vegas	1110833324	0.000534589322691
North Las Vegas	916815474	0.000534589322691
North Las Vegas	-1739389808	0.000534589322691
North Las Vegas	-452721446	0.000534589322691
North Las Vegas	-1973490800	0.000534589322691
North Las Vegas	1105888951	0.000534589322691
North Las Vegas	1202456341	0.000534589322691
North Las Vegas	1512441705	0.000534589322691
North Las Vegas	-1391911019	0.000534589322691
North Las Vegas	1550328441	0.000534589322691
North Las Vegas	-1680301136	0.000534589322691
North Las Vegas	517908257	0.000534589322691
North Las Vegas	1546070242	0.000534589322691
North Las Vegas	1125264563	0.000534589322691
North Las Vegas	452211953	0.000534589322691
North Las Vegas	-2146355520	0.000534589322691
North Las Vegas	83638523	0.000534589322691
North Las Vegas	1791179135	0.000534589322691
North Las Vegas	-1267842712	0.000534589322691
North Las Vegas	1649758985	0.000534589322691
North Las Vegas	-1796108715	0.000534589322691
North Las Vegas	-1321311901	0.000534589322691
North Las Vegas	-244291655	0.000534589322691
North Las Vegas	570173270	0.000534589322691
North Las Vegas	722237486	0.000534589322691
North Las Vegas	-454819451	0.000534589322691
North Las Vegas	-1642329776	0.000534589322691
North Las Vegas	-1593994054	0.000534589322691
North Las Vegas	-1597754524	0.000534589322691
North Las Vegas	1212750347	0.000532479360458
North Las Vegas	2076834721	0.000525370528352
North Las Vegas	-181927424	0.000522434553022
North Las Vegas	646859465	0.000522164083702
North Las Vegas	763122665	0.000521405033518
North Las Vegas	-758314027	0.000521254981407
North Las Vegas	-249070648	0.000518999560028
North Las Vegas	-548931766	0.000517456668699
North Las Vegas	2047658828	0.000514054436954
North Las Vegas	-797118389	0.000509187608747
North Las Vegas	943415903	0.000508294738069
North Las Vegas	1555195830	0.000507352681558
North Las Vegas	206626790	0.000504142032058
North Las Vegas	747434154	0.000504074186127
North Las Vegas	-1543772908	0.00050305561964
North Las Vegas	-672744129	0.000502313379465
North Las Vegas	424970299	0.000501031447695
North Las Vegas	-1453373056	0.000500176028368
North Las Vegas	-1037891214	0.000499625899308
North Las Vegas	-983060407	0.000499202465109
North Las Vegas	1264515225	0.000498646701919
North Las Vegas	-1013328042	0.000495981739781
North Las Vegas	640228855	0.000495914151129
North Las Vegas	554770268	0.000494300123637
North Las Vegas	-3080276	0.00048820686762
North Las Vegas	1970894757	0.000486249471084
North Las Vegas	1429004235	0.000485090773136
North Las Vegas	1755195621	0.000483905659593
North Las Vegas	620248220	0.000482949624936
North Las Vegas	1597501775	0.000482707923498
North Las Vegas	-972512257	0.00048249701345
North Las Vegas	-1033892423	0.000482224241104
North Las Vegas	36187648	0.000481401485973
North Las Vegas	-729261206	0.000480994451223
North Las Vegas	1094970723	0.000480791641344
North Las Vegas	113323668	0.000480465697908
North Las Vegas	1749865926	0.000478292848325
North Las Vegas	1783788717	0.000478026915642
North Las Vegas	1217365644	0.000476928200706
North Las Vegas	1331526507	0.00047448459433
North Las Vegas	-1218308342	0.000474054531319
North Las Vegas	92414395	0.000474012699786
North Las Vegas	-277857729	0.000472090320049
North Las Vegas	-2129743167	0.000470144632354
North Las Vegas	-1713044407	0.000469072210793
North Las Vegas	-1798274332	0.000468892229273
North Las Vegas	-1661552861	0.000465516557723
North Las Vegas	-709210501	0.000464924027159
North Las Vegas	-235083085	0.000464082124303
North Las Vegas	2038821855	0.000463284001891
North Las Vegas	1476368733	0.000462427187523
North Las Vegas	-126862848	0.000460597241266
North Las Vegas	-1803254539	0.000459859224428
North Las Vegas	-2119696624	0.000459804000088
North Las Vegas	2103938456	0.000459565949116
North Las Vegas	451936077	0.000459166504018
North Las Vegas	-1869452131	0.000458654189918
North Las Vegas	-782143485	0.00045848306747
North Las Vegas	-143151240	0.000458063050456
North Las Vegas	71725269	0.000457841504585
North Las Vegas	224146708	0.000456598321667
North Las Vegas	-50591646	0.000455718744778
North Las Vegas	-1924003579	0.00045500867639
North Las Vegas	1988248721	0.000452847415333
North Las Vegas	-523175245	0.000452787242796
North Las Vegas	-1499890236	0.000452491839724
North Las Vegas	3117200	0.000452143716859
North Las Vegas	-1656010102	0.000450717958621
North Las Vegas	897586472	0.00045025308877
North Las Vegas	-1188789434	0.000450062820878
North Las Vegas	-1592088576	0.000450042136799
North Las Vegas	-1503671618	0.000448796773988
North Las Vegas	-1880885186	0.000447818717719
North Las Vegas	1025762958	0.000447764732633
North Las Vegas	-1167935282	0.000447435564409
North Las Vegas	-1829356800	0.000446261526005
North Las Vegas	1692245160	0.000446156687017
North Las Vegas	872222814	0.000445209637566
North Las Vegas	785168639	0.000444734630412
North Las Vegas	-536543237	0.000444292205222
North Las Vegas	285730711	0.000443753593562
North Las Vegas	-1453113093	0.000443684033806
North Las Vegas	1821945992	0.000443467046104
North Las Vegas	333451704	0.000441389753863
North Las Vegas	-232749577	0.000441275548775
North Las Vegas	545555354	0.000441087424928
North Las Vegas	-1754044478	0.000439909522939
North Las Vegas	-158220919	0.00043834975832
North Las Vegas	-369121482	0.000438093673196
North Las Vegas	1295594918	0.000437754703898
North Las Vegas	1630129777	0.000436833229851
North Las Vegas	1145827483	0.000435560985104
North Las Vegas	1114537229	0.00043540190819
North Las Vegas	-1758008978	0.000434450235029
North Las Vegas	1210518328	0.000433991011204
North Las Vegas	-1635139674	0.000431808800276
North Las Vegas	1077681877	0.000430752946592
North Las Vegas	1335384508	0.000430542476954
North Las Vegas	-699170882	0.000430291016596
North Las Vegas	-653840038	0.000429229067691
North Las Vegas	1524986945	0.000427381259149
North Las Vegas	1279106902	0.000426639354291
North Las Vegas	1306323811	0.000426275195966
North Las Vegas	-1868673005	0.00042617147328
North Las Vegas	-1989594044	0.000425548678508
North Las Vegas	1716794280	0.000425292912591
North Las Vegas	-1070575610	0.000425283743789
North Las Vegas	1463238457	0.000425024036154
North Las Vegas	220885423	0.000424369883657
North Las Vegas	-434080938	0.000423565736401
North Las Vegas	1987595509	0.00042319422154
North Las Vegas	1668654644	0.000421893482559
North Las Vegas	490452871	0.000421254099763
North Las Vegas	475148137	0.000420739828788
North Las Vegas	-458175118	0.000419709995769
North Las Vegas	56006557	0.000419073044673
North Las Vegas	1027859010	0.000418181605306
North Las Vegas	-77718611	0.000417405359554
North Las Vegas	1040766616	0.000417297575691
North Las Vegas	-33065506	0.000417163382081
North Las Vegas	2071043287	0.000416767700514
North Las Vegas	492223155	0.000416726766863
North Las Vegas	236155411	0.000416434875616
North Las Vegas	1419219940	0.000415414913961
North Las Vegas	1214554651	0.00041528183991
North Las Vegas	-899147367	0.000415103390147
North Las Vegas	-1925724319	0.00041402471539
North Las Vegas	1614501694	0.00041354726971
North Las Vegas	281203920	0.000413216176698
North Las Vegas	-337308590	0.000412997313892
North Las Vegas	1081631296	0.000412456930601
North Las Vegas	-193873777	0.000412157814293
North Las Vegas	-587770340	0.000411386026142
North Las Vegas	1698791963	0.000411284237648
North Las Vegas	-1459292724	0.000411252590037
North Las Vegas	1740836400	0.000409850449176
North Las Vegas	1788673491	0.00040938176904
North Las Vegas	-754125063	0.000408425082961
North Las Vegas	1093334192	0.00040794191364
North Las Vegas	968906670	0.000407803180629
North Las Vegas	-1056408543	0.000407776203617
North Las Vegas	-164412106	0.000407026704457
North Las Vegas	53238522	0.000406700319864
North Las Vegas	-709855590	0.000405648391656
North Las Vegas	-1305632536	0.000405435774145
North Las Vegas	-1214371367	0.000405290885132
North Las Vegas	-641042927	0.000404365125308
North Las Vegas	1362436386	0.000403436718594
North Las Vegas	1781010489	0.000402757158065
North Las Vegas	1902280257	0.000402719922873
North Las Vegas	17462847	0.000402714592475
North Las Vegas	1172455861	0.000402161878126
North Las Vegas	-496057087	0.000402079787559
North Las Vegas	-2032799707	0.000401026328624
North Las Vegas	-301115646	0.000400285985534
North Las Vegas	-1813160112	0.000400023019587
North Las Vegas	1983403029	0.000399957482964
North Las Vegas	1132925613	0.000399843528992
North Las Vegas	863588049	0.000399407960132
North Las Vegas	-102037377	0.000399249459584
North Las Vegas	903535356	0.000399053530845
North Las Vegas	-898793632	0.000398349144115
North Las Vegas	1079511678	0.000397434881942
North Las Vegas	-746358237	0.000397352384544
North Las Vegas	1721806956	0.000397238550257
North Las Vegas	-1501231788	0.000396644992665
North Las Vegas	-253224676	0.000395093797428
North Las Vegas	533998200	0.000394978680356
North Las Vegas	172752179	0.000394189951331
North Las Vegas	-2071241942	0.000394184317301
North Las Vegas	-1012278219	0.000393676165534
North Las Vegas	-140918074	0.00039290608756
North Las Vegas	-1101440552	0.000392680037829
North Las Vegas	1030181568	0.00039251326514
North Las Vegas	1359933109	0.000392201214282
North Las Vegas	122812053	0.000391725484066
North Las Vegas	-844165966	0.000391439068546
North Las Vegas	495080110	0.00039140197481
North Las Vegas	-582199742	0.000391273534058
North Las Vegas	1979680969	0.000390952771949
North Las Vegas	-606858408	0.00039029916019
North Las Vegas	-1175525757	0.000389703617011
North Las Vegas	1139178424	0.000389345510517
North Las Vegas	-1810100663	0.000389076993415
North Las Vegas	1604651359	0.000388982456977
North Las Vegas	118841699	0.000388720898644
North Las Vegas	1812044694	0.000387398090169
North Las Vegas	2052229323	0.00038720873664
North Las Vegas	-411923939	0.00038720873664
North Las Vegas	1744882992	0.000387157253052
North Las Vegas	383399182	0.000386925103359
North Las Vegas	1692202177	0.000386889749124
North Las Vegas	-1040487079	0.000386763346004
North Las Vegas	-1620656185	0.000385721062206
North Las Vegas	-844113415	0.000385537777763
North Las Vegas	-1128281191	0.000385349666213
North Las Vegas	1797083432	0.000385218540786
North Las Vegas	-517440789	0.000384889306237
North Las Vegas	764392162	0.000384726315635
North Las Vegas	750065068	0.00038383464436
North Las Vegas	254207482	0.000383358889849
North Las Vegas	-266764937	0.000382600327378
North Las Vegas	1059941257	0.000381826852004
North Las Vegas	1285001500	0.000380999917287
North Las Vegas	-230920752	0.000378569203861
North Las Vegas	1623900622	0.000378341000517
North Las Vegas	286458370	0.000377925580878
North Las Vegas	609647299	0.000377917186908
North Las Vegas	1074302552	0.000377083169451
North Las Vegas	-1435361129	0.000376744873881
North Las Vegas	-1208106940	0.000376594821578
North Las Vegas	1123519238	0.000375123663621
North Las Vegas	1801093285	0.000374837600255
North Las Vegas	1257115354	0.000374480233383
North Las Vegas	-962074997	0.000373827429383
North Las Vegas	1850934221	0.000373728752924
North Las Vegas	1409880462	0.000373560558314
North Las Vegas	1776225117	0.000373547564659
North Las Vegas	-2000705133	0.000373487744188
North Las Vegas	-800439667	0.000373388734744
North Las Vegas	1894581510	0.000373132115845
North Las Vegas	1738555851	0.000371804756007
North Las Vegas	-474190322	0.000371752697499
North Las Vegas	-482320073	0.000371360116674
North Las Vegas	-1056466622	0.000370995025099
North Las Vegas	-1228895000	0.000370909584973
North Las Vegas	-106607293	0.000370825015138
North Las Vegas	-714499443	0.000370732990672
North Las Vegas	-1255024837	0.000370492249732
North Las Vegas	-524107035	0.000370448127423
North Las Vegas	-1444482516	0.000369755586036
North Las Vegas	-782922294	0.000367847393289
North Las Vegas	2118586578	0.00036780274885
North Las Vegas	878457661	0.000367597045381
North Las Vegas	1481811931	0.000367305333916
North Las Vegas	1988060095	0.000367003471933
North Las Vegas	1138530922	0.000366816378067
North Las Vegas	-341854260	0.00036651248934
North Las Vegas	-932818113	0.000366159618779
North Las Vegas	-1539361807	0.000366108876585
North Las Vegas	2079706208	0.000366036063399
North Las Vegas	-1611732724	0.000365982125031
North Las Vegas	-784853918	0.000365787533894
North Las Vegas	1072050787	0.000365572075547
North Las Vegas	1727521381	0.00036528875594
North Las Vegas	1724673836	0.000365253323727
North Las Vegas	218723072	0.00036427175548
North Las Vegas	-204788428	0.000364137751198
North Las Vegas	-1163122869	0.000363962300398
North Las Vegas	-1985002500	0.000363962300398
North Las Vegas	-1005102518	0.000363361364097
North Las Vegas	-1371585474	0.000363207743209
North Las Vegas	-687101995	0.000362534620034
North Las Vegas	183711543	0.000362526615584
North Las Vegas	1552946634	0.000362333968248
North Las Vegas	-1546233360	0.000362201987167
North Las Vegas	145411371	0.000361990598
North Las Vegas	-30576874	0.000361130198747
North Las Vegas	1086530098	0.000360591906773
North Las Vegas	-962312580	0.000360558733161
North Las Vegas	-726347127	0.000360456932257
North Las Vegas	-209264503	0.000360297641189
North Las Vegas	293772082	0.000360073044847
North Las Vegas	-1932388663	0.000359518025825
North Las Vegas	-1523786805	0.000359024680696
North Las Vegas	1742553327	0.000358988458215
North Las Vegas	1891374562	0.000358891894985
North Las Vegas	-1325968181	0.000358789095889
North Las Vegas	-513403855	0.000358749368242
North Las Vegas	-1284457513	0.000358688426959
North Las Vegas	325930457	0.000358688426959
North Las Vegas	-118369350	0.000358688426959
North Las Vegas	1958374527	0.000358688426959
North Las Vegas	984194039	0.000358677020276
North Las Vegas	2081714129	0.000358000279892
North Las Vegas	1214313129	0.000357939917839
North Las Vegas	-1949569812	0.000357549241328
North Las Vegas	201723762	0.000357117590043
North Las Vegas	-1569013656	0.000357004367448
North Las Vegas	898773314	0.000356711328025
North Las Vegas	-2085552440	0.00035567809152
North Las Vegas	-1599407222	0.000355381185485
North Las Vegas	-884751104	0.000355178619681
North Las Vegas	1198656947	0.000354587518106
North Las Vegas	85632854	0.000354025309913
North Las Vegas	1935181543	0.000353766949541
North Las Vegas	-482837200	0.000353421553715
North Las Vegas	1919441728	0.000353354866335
North Las Vegas	-709652614	0.000353128752545
North Las Vegas	-214047749	0.000352989538997
North Las Vegas	-1894925692	0.000352861505033
North Las Vegas	-1027310160	0.00035282112377
North Las Vegas	-815860452	0.000352798551379
North Las Vegas	1089444558	0.000352783298659
North Las Vegas	-1692277661	0.000352679314825
North Las Vegas	577606798	0.000351886003583
