Sun Prairie	1308434937	0.000775334274754
Sun Prairie	666952774	0.000756432467183
Sun Prairie	2025223518	0.000752146968337
Sun Prairie	-1471303160	0.000747028990687
Sun Prairie	-1765476473	0.000743135502883
Sun Prairie	-1062938201	0.000742032660782
Sun Prairie	-725709802	0.000740024885618
Sun Prairie	2051640514	0.000740018307588
Sun Prairie	1142277591	0.000731876669051
Sun Prairie	1843349329	0.000727751609325
Sun Prairie	1932664030	0.000724244947454
Sun Prairie	-2084717738	0.000721511945895
Sun Prairie	501409372	0.000715099190914
Sun Prairie	-1239363429	0.000705789483544
Sun Prairie	474914425	0.00069573964362
Sun Prairie	-1074943820	0.00069461363656
Sun Prairie	-788938478	0.000693090767821
Sun Prairie	-730641306	0.000691227356422
Sun Prairie	-556821502	0.000691029325426
Sun Prairie	-989719032	0.000690272405573
Sun Prairie	-602866424	0.00068973387864
Sun Prairie	64711336	0.00068659512702
Sun Prairie	-511618372	0.000686192777714
Sun Prairie	252752732	0.000685407797654
Sun Prairie	-407201371	0.000684091678355
Sun Prairie	1277221663	0.000683907118549
Sun Prairie	-1146335017	0.000681789903931
Sun Prairie	1741882558	0.00068039918749
Sun Prairie	199445981	0.000679490863776
Sun Prairie	1604478224	0.000679324897168
Sun Prairie	-508244033	0.000677825155239
Sun Prairie	175678570	0.000676930401077
Sun Prairie	-1801941847	0.000674046399278
Sun Prairie	1892588959	0.000671287618615
Sun Prairie	-1049046736	0.000670619678804
Sun Prairie	697329578	0.00066950964904
Sun Prairie	-391130618	0.000668412974347
Sun Prairie	416498819	0.000668361212207
Sun Prairie	457629135	0.000667847350348
Sun Prairie	642551602	0.000664649947769
Sun Prairie	-654194460	0.000664609024137
Sun Prairie	-935580619	0.000663949326153
Sun Prairie	1936895612	0.0006637189446
Sun Prairie	-238653896	0.000663046583628
Sun Prairie	567799148	0.000661185933688
Sun Prairie	1729724460	0.000660796976015
Sun Prairie	-420145218	0.000659457436873
Sun Prairie	638328415	0.000659379724015
Sun Prairie	1140239347	0.000656469059443
Sun Prairie	-1752031981	0.000654919985982
Sun Prairie	1747873929	0.000652342912172
Sun Prairie	-234278657	0.000649667547244
Sun Prairie	-1698470822	0.000649028228535
Sun Prairie	-732581732	0.00064584314592
Sun Prairie	-455161812	0.000645228186172
Sun Prairie	-756168705	0.000644878518467
Sun Prairie	470597484	0.000644742251742
Sun Prairie	1431013387	0.000643386461151
Sun Prairie	-1888861991	0.000642510976705
Sun Prairie	-1591140038	0.000642389161032
Sun Prairie	1487604485	0.000638609955926
Sun Prairie	1579950560	0.000638408090959
Sun Prairie	-1695751731	0.000638156944023
Sun Prairie	1571669181	0.000637940943369
Sun Prairie	832568439	0.000637921659241
Sun Prairie	172486878	0.000637049775743
Sun Prairie	-682351403	0.000636791457004
Sun Prairie	-1967328252	0.000636016260702
Sun Prairie	-1439152283	0.000634571568431
Sun Prairie	-321674644	0.000633904798624
Sun Prairie	1518301294	0.000633402410189
Sun Prairie	1135282021	0.00063331866949
Sun Prairie	1613820536	0.000633141708972
Sun Prairie	-1799223839	0.00063173077716
Sun Prairie	-2102528864	0.000631259092084
Sun Prairie	1546346231	0.000631259092084
Sun Prairie	1954158154	0.000631133732965
Sun Prairie	-805934689	0.000630947122062
Sun Prairie	1324423116	0.000630012341054
Sun Prairie	1333867258	0.000628666574315
Sun Prairie	-51843671	0.000628611555991
Sun Prairie	213158972	0.000627813051239
Sun Prairie	852708410	0.000627649387111
Sun Prairie	736773471	0.000624694694757
Sun Prairie	2134070590	0.000623654113058
Sun Prairie	1050445220	0.000623302613713
Sun Prairie	-1735538967	0.000620917467129
Sun Prairie	-925623678	0.000620660615816
Sun Prairie	2118829531	0.00061921798157
Sun Prairie	-1540857336	0.000618998439854
Sun Prairie	-1988689725	0.000618723912582
Sun Prairie	-1313664524	0.000618401227756
Sun Prairie	-1029042921	0.000617335078941
Sun Prairie	-2052689488	0.000616988836133
Sun Prairie	-1509667162	0.000616155044414
Sun Prairie	-1735256017	0.000616135114332
Sun Prairie	-98970627	0.000615982029565
Sun Prairie	793612626	0.000615554088595
Sun Prairie	727370735	0.000615509488898
Sun Prairie	-379910395	0.0006154962998
Sun Prairie	66362082	0.000615411044683
Sun Prairie	1242859275	0.000615196622246
Sun Prairie	-1077017993	0.000615131993966
Sun Prairie	787666603	0.000615031570715
Sun Prairie	-1082060233	0.00061469578067
Sun Prairie	1809277654	0.000614165254684
Sun Prairie	6824089	0.00061359727901
Sun Prairie	951977524	0.000613455900017
Sun Prairie	869079724	0.000613047028196
Sun Prairie	725377437	0.000613001921474
Sun Prairie	665328003	0.00061245331077
Sun Prairie	18028428	0.000611809487769
Sun Prairie	-847004223	0.000611241286879
Sun Prairie	881042229	0.000609895150429
Sun Prairie	1498118979	0.000609160648844
Sun Prairie	-96892282	0.000609028810052
Sun Prairie	-712544244	0.000608521176751
Sun Prairie	-120309325	0.000608515127479
Sun Prairie	-162802637	0.000608463938675
Sun Prairie	1738439532	0.000608149587262
Sun Prairie	-1970793812	0.000608048139331
Sun Prairie	989231876	0.000608023622936
Sun Prairie	1765367201	0.000607922562209
Sun Prairie	1594390985	0.00060742169537
Sun Prairie	1308506790	0.000607418000046
Sun Prairie	511621427	0.00060709049364
Sun Prairie	-314995633	0.000606448285887
Sun Prairie	-603702887	0.000606010678704
Sun Prairie	-76493703	0.000606010678704
Sun Prairie	170248374	0.000605605958146
Sun Prairie	-1595370864	0.000605095458632
Sun Prairie	1530117609	0.000604966243223
Sun Prairie	-59214914	0.000604947805986
Sun Prairie	568016339	0.000604926824963
Sun Prairie	323556951	0.000604492576346
Sun Prairie	-1957342842	0.00060448151965
Sun Prairie	1685853067	0.000604407948908
Sun Prairie	-1258119138	0.000604152480497
Sun Prairie	1509841778	0.000604152480497
Sun Prairie	-766483356	0.000604152480497
Sun Prairie	-2003929106	0.000604152480497
Sun Prairie	-1885959778	0.000604152480497
Sun Prairie	819106934	0.000604152480497
Sun Prairie	-1728009814	0.000604152480497
Sun Prairie	256949147	0.000604152480497
Sun Prairie	-595804635	0.000604152480497
Sun Prairie	1568588961	0.000604152480497
Sun Prairie	-1005926627	0.000604152480497
Sun Prairie	1856555319	0.000604152480497
Sun Prairie	-664725507	0.000604152480497
Sun Prairie	-998695347	0.000604152480497
Sun Prairie	745144160	0.000604152480497
Sun Prairie	1706257590	0.000604152480497
Sun Prairie	-1674929422	0.000604152480497
Sun Prairie	-900485127	0.000604152480497
Sun Prairie	1615180033	0.000604152480497
Sun Prairie	-1804487632	0.000604152480497
Sun Prairie	-706754497	0.000604152480497
Sun Prairie	-1728194111	0.000604152480497
Sun Prairie	1544678468	0.000604152480497
Sun Prairie	-263457518	0.000604152480497
Sun Prairie	1038877932	0.000604152480497
Sun Prairie	-17822546	0.000604152480497
Sun Prairie	-219934213	0.000604152480497
Sun Prairie	-3134827	0.000604152480497
Sun Prairie	1629765397	0.000604152480497
Sun Prairie	-1721743413	0.000604152480497
Sun Prairie	-1800726016	0.000604152480497
Sun Prairie	1024122099	0.000604152480497
Sun Prairie	-895689150	0.000604152480497
Sun Prairie	-108320349	0.000604152480497
Sun Prairie	-752996604	0.000604152480497
Sun Prairie	1014965361	0.000604152480497
Sun Prairie	1875717063	0.000604152480497
Sun Prairie	1904030218	0.000604152480497
Sun Prairie	1532594279	0.000604152480497
Sun Prairie	-1378525362	0.000604152480497
Sun Prairie	1885694405	0.000604152480497
Sun Prairie	-1919718592	0.000604152480497
Sun Prairie	1535607186	0.000604152480497
Sun Prairie	-1978432816	0.000604152480497
Sun Prairie	-1136295194	0.000604152480497
Sun Prairie	1491047441	0.000604152480497
Sun Prairie	1887787371	0.000604152480497
Sun Prairie	-518040637	0.000604075540411
Sun Prairie	1652282334	0.000603814560191
Sun Prairie	1835541109	0.000603634541707
Sun Prairie	1620500215	0.00060347754187
Sun Prairie	-2133329999	0.000602838751453
Sun Prairie	-941691767	0.000602577448869
Sun Prairie	-99221817	0.000602222971299
Sun Prairie	-802783372	0.000602116057267
Sun Prairie	-804141770	0.000601587083675
Sun Prairie	-276814687	0.000601572241589
Sun Prairie	1672357383	0.000601331199528
Sun Prairie	2109263562	0.000600385841745
Sun Prairie	1789610302	0.00059983378693
Sun Prairie	1468956843	0.000599257493801
Sun Prairie	511159371	0.000598420640915
Sun Prairie	-982650971	0.0005983721114
Sun Prairie	762623389	0.00059824599032
Sun Prairie	-503209497	0.000597841304028
Sun Prairie	802089734	0.000597661869979
Sun Prairie	-176240036	0.000597528235785
Sun Prairie	-1755623859	0.000597307937346
Sun Prairie	1154208552	0.000597307937346
Sun Prairie	-624488988	0.000597307937346
Sun Prairie	-1341347321	0.000597251463722
Sun Prairie	1898716247	0.000597143561456
Sun Prairie	910843862	0.00059710839109
Sun Prairie	2146214024	0.000596912608109
Sun Prairie	1654300269	0.000596280758609
Sun Prairie	-1051723504	0.000596056523862
Sun Prairie	734729965	0.000595898245483
Sun Prairie	1740813666	0.000595629641784
Sun Prairie	-1840721777	0.000595396856292
Sun Prairie	-2037619017	0.000595132329654
Sun Prairie	55678358	0.000595118523554
Sun Prairie	800627026	0.000595041736384
Sun Prairie	1688655403	0.000594956003748
Sun Prairie	1263949235	0.000594770227806
Sun Prairie	841386217	0.000594314695275
Sun Prairie	-1880652070	0.000594134706591
Sun Prairie	1096954402	0.000593983115451
Sun Prairie	-836371403	0.000593960285341
Sun Prairie	-1263580226	0.00059391541921
Sun Prairie	1184971632	0.000593743453042
Sun Prairie	657669107	0.000593511031132
Sun Prairie	831166497	0.000593074493404
Sun Prairie	1925160398	0.000592762609439
Sun Prairie	395404626	0.000592387380458
Sun Prairie	-1502437829	0.000592231353297
Sun Prairie	-915966573	0.000592032432627
Sun Prairie	383672014	0.000591438160097
Sun Prairie	82094675	0.00059136192487
Sun Prairie	-1035560200	0.000591066311041
Sun Prairie	-1756263405	0.000590902993307
Sun Prairie	1251909713	0.000590769589447
Sun Prairie	-1264533757	0.000590571400011
Sun Prairie	-76150104	0.000589916355844
Sun Prairie	-1573683991	0.000589792384594
Sun Prairie	738116748	0.000589638346349
Sun Prairie	-1656400817	0.000588861607501
Sun Prairie	1143004561	0.000588772148612
Sun Prairie	1193887661	0.000588763882035
Sun Prairie	1732082370	0.000588763882035
Sun Prairie	497744311	0.000588763882035
Sun Prairie	-774527954	0.000588632091065
Sun Prairie	1173856603	0.000588430018565
Sun Prairie	-1400614807	0.00058829575263
Sun Prairie	-1422138928	0.000588136953737
Sun Prairie	81205347	0.000588108701844
Sun Prairie	-1931815641	0.000587783511152
Sun Prairie	-827756541	0.000587540662316
Sun Prairie	-1709450363	0.000587465924902
Sun Prairie	-773661451	0.00058741191714
Sun Prairie	-14079799	0.000587288974385
Sun Prairie	-626919036	0.000586833647864
Sun Prairie	-543247910	0.000586361913378
Sun Prairie	-1676675361	0.000586290675806
Sun Prairie	-723841682	0.000585856236822
Sun Prairie	1595512127	0.00058585099767
Sun Prairie	2038342454	0.00058585099767
Sun Prairie	-181660889	0.000585848790949
Sun Prairie	-930020601	0.000585656087396
Sun Prairie	-801876700	0.000585144326561
Sun Prairie	-207945233	0.000585144326561
Sun Prairie	-2098325199	0.000585144326561
Sun Prairie	-1513845480	0.000585096523141
Sun Prairie	309615382	0.000585096523141
Sun Prairie	-731590309	0.000585096523141
Sun Prairie	-135585313	0.000585096523141
Sun Prairie	1401141051	0.000585096523141
Sun Prairie	-14099138	0.000585096523141
Sun Prairie	-1501825718	0.000585096523141
Sun Prairie	-988588828	0.000585096523141
Sun Prairie	1418691614	0.000584758628593
Sun Prairie	1589706623	0.000584505789205
Sun Prairie	-649841762	0.000584345976953
Sun Prairie	985591657	0.000584243336544
Sun Prairie	-1920760021	0.000583787541542
Sun Prairie	-172091854	0.000583755441427
Sun Prairie	-1788675491	0.000583755441427
Sun Prairie	478223533	0.000583387506808
Sun Prairie	666166974	0.000582958079191
Sun Prairie	676312755	0.000582856629214
Sun Prairie	1616479646	0.000582769592259
Sun Prairie	1296544572	0.000582643929922
Sun Prairie	-83843656	0.000582581556629
Sun Prairie	41670109	0.000582459249421
Sun Prairie	1904446343	0.000582351247334
Sun Prairie	618215062	0.00058202764796
Sun Prairie	209442431	0.000582012082335
Sun Prairie	1504148051	0.00058179387047
Sun Prairie	1126607325	0.000581767961472
Sun Prairie	-720557002	0.000581572118498
Sun Prairie	1561667397	0.00058151350729
Sun Prairie	-281141657	0.000581443252435
Sun Prairie	493637618	0.000581344820624
Sun Prairie	-2038123496	0.000581344820624
Sun Prairie	-1503792786	0.000580907412502
Sun Prairie	-1716120411	0.000580907412502
Sun Prairie	-550471268	0.00058086905257
Sun Prairie	-1808542110	0.000580681972777
Sun Prairie	1895637527	0.000580681972777
Sun Prairie	-1738871984	0.000580438984942
Sun Prairie	-698410130	0.00057992239175
Sun Prairie	-2117980497	0.000579853865091
Sun Prairie	1168938837	0.000579561113187
Sun Prairie	933194168	0.000579489824091
Sun Prairie	1601733841	0.000579401768756
Sun Prairie	-2095246936	0.000579401768756
Sun Prairie	-447412465	0.000579263188528
Sun Prairie	-550836336	0.000579150239854
Sun Prairie	-1051711302	0.000578546314297
Sun Prairie	1036390672	0.000578508559026
Sun Prairie	924521171	0.000578439848076
Sun Prairie	-651797957	0.000578316683727
Sun Prairie	231989108	0.000578295057791
Sun Prairie	869767071	0.00057820179855
Sun Prairie	-83375135	0.000578126290628
Sun Prairie	-669846685	0.000578006194173
Sun Prairie	134294422	0.000577997255122
Sun Prairie	625292872	0.000577947033993
Sun Prairie	1562715758	0.00057782485495
Sun Prairie	-1099222484	0.000577796057592
Sun Prairie	1229737105	0.000577738854421
Sun Prairie	-233136479	0.000577734272992
Sun Prairie	1955329091	0.000577636591149
Sun Prairie	-182109762	0.000577137269254
Sun Prairie	-90741881	0.000576938548512
Sun Prairie	-167320547	0.000576901665442
Sun Prairie	1298466704	0.000576803513316
Sun Prairie	1745851787	0.000576694700214
Sun Prairie	-20056132	0.000576671747914
Sun Prairie	683504903	0.000576618120092
Sun Prairie	-1677717121	0.000576538397637
Sun Prairie	-443991184	0.000576409949605
Sun Prairie	-1597489601	0.000576390868575
Sun Prairie	1510490750	0.00057638620323
Sun Prairie	-549908839	0.000576355141062
Sun Prairie	1332595753	0.000576347285281
Sun Prairie	-1858728213	0.000576307093698
Sun Prairie	-457549676	0.000576284879833
Sun Prairie	384593904	0.00057623272089
Sun Prairie	-505829461	0.000576229381071
Sun Prairie	-1791639534	0.000576043716241
Sun Prairie	167589445	0.000575956569023
Sun Prairie	-1127505953	0.000575956569023
Sun Prairie	732149575	0.000575956569023
Sun Prairie	-774840756	0.000575956569023
Sun Prairie	2083880504	0.000575936047242
Sun Prairie	84292559	0.000575932437314
Sun Prairie	1569176900	0.000575625797815
Sun Prairie	-1747198418	0.000575605755501
Sun Prairie	-1444211871	0.000575280069924
Sun Prairie	1349322223	0.000575252736438
Sun Prairie	-673066395	0.000575139307299
Sun Prairie	1224653765	0.000575130017126
Sun Prairie	841864571	0.000574973300583
Sun Prairie	280360795	0.000574753813814
Sun Prairie	-278613057	0.000574708372354
Sun Prairie	1201536879	0.000574642687235
Sun Prairie	1156994123	0.000574623097844
Sun Prairie	-408595148	0.000574553321255
Sun Prairie	-1069529569	0.00057452048808
Sun Prairie	-313203885	0.000574464115366
Sun Prairie	-125141542	0.000574464115366
Sun Prairie	316447520	0.000574464115366
Sun Prairie	1989739183	0.000574464115366
Sun Prairie	1285788878	0.000574464115366
Sun Prairie	536968039	0.000574437170744
Sun Prairie	-436080776	0.000574408571887
Sun Prairie	-575018387	0.000574408571887
Sun Prairie	903646034	0.000574306335528
Sun Prairie	2131687081	0.000574154828015
Sun Prairie	1860703965	0.00057415363448
Sun Prairie	-243578350	0.000574046786092
Sun Prairie	2144410415	0.000574009017553
Sun Prairie	1475772881	0.000573945694166
Sun Prairie	-1857158884	0.000573945694166
Sun Prairie	1323191274	0.000573939630813
Sun Prairie	2096816707	0.000573827659653
Sun Prairie	309082727	0.00057379057931
Sun Prairie	2041966061	0.000573783890931
Sun Prairie	-39905381	0.00057376368665
Sun Prairie	-1695882591	0.00057367359047
Sun Prairie	364693686	0.000573627061077
Sun Prairie	455406514	0.000573585366686
Sun Prairie	1310232721	0.000573583165112
Sun Prairie	1267041438	0.000573560068457
Sun Prairie	-2058324948	0.000573418864882
Sun Prairie	1183192047	0.000573294756392
Sun Prairie	-1486802096	0.000573259966303
Sun Prairie	1651577872	0.000573247136143
Sun Prairie	342977776	0.000573211726241
Sun Prairie	-1491326474	0.000573210916676
Sun Prairie	-1810766702	0.000573109568044
Sun Prairie	-1603000226	0.000573100147627
Sun Prairie	1896545769	0.000573077415657
Sun Prairie	1029971246	0.000573051307566
Sun Prairie	1864644788	0.000572955146523
Sun Prairie	-346362782	0.000572924653811
Sun Prairie	-902281007	0.000572919561231
Sun Prairie	536008105	0.000572841186654
Sun Prairie	-23252763	0.000572840431826
Sun Prairie	1591560398	0.000572797122876
Sun Prairie	1506118415	0.000572774270636
Sun Prairie	512586148	0.000572759817831
Sun Prairie	-259982037	0.000572718513843
Sun Prairie	1364688169	0.000572635306968
Sun Prairie	-1939095217	0.000572574272408
Sun Prairie	80468676	0.000572540021561
Sun Prairie	2145669694	0.000572537730179
Sun Prairie	-1171578037	0.000572458217216
Sun Prairie	-1947523320	0.000572426436529
Sun Prairie	1023841999	0.000572419572179
Sun Prairie	-1889846201	0.000572412017916
Sun Prairie	-1778873520	0.000572411200699
Sun Prairie	1517660041	0.000572387677728
Sun Prairie	2031659904	0.000572351356415
Sun Prairie	1805732270	0.000572336074732
Sun Prairie	-355604742	0.000572316385593
Sun Prairie	1540351261	0.000572287874876
Sun Prairie	-2003600810	0.000572283095829
Sun Prairie	-1162189413	0.00057227596236
Sun Prairie	-462328262	0.000572267005821
Sun Prairie	1566925901	0.000572251912777
Sun Prairie	-1489144829	0.000572206444703
Sun Prairie	-1146678962	0.000572175476602
Sun Prairie	1971250878	0.000572164079958
Sun Prairie	-997529114	0.000572150654687
Sun Prairie	-1942745899	0.000572131166923
Sun Prairie	-160426238	0.000572131166923
Sun Prairie	1369839531	0.000572131166923
Sun Prairie	998643697	0.000572131166923
Sun Prairie	-273677259	0.000572131166923
Sun Prairie	-21095692	0.000572131166923
Sun Prairie	-1329833507	0.000572131166923
Sun Prairie	-42984230	0.000572131166923
Sun Prairie	-1700127432	0.000572131166923
Sun Prairie	1127226684	0.000572131166923
Sun Prairie	1918377304	0.000572131166923
Sun Prairie	-1454104851	0.000572131166923
Sun Prairie	-1941692499	0.000572131166923
Sun Prairie	1832919295	0.000572131166923
Sun Prairie	-937548092	0.000572131166923
Sun Prairie	624830297	0.000572131166923
Sun Prairie	-1669584137	0.000572131166923
Sun Prairie	-1653331056	0.000572131166923
Sun Prairie	-1498915675	0.000572131166923
Sun Prairie	1140207847	0.000572131166923
Sun Prairie	109457663	0.000572131166923
Sun Prairie	-1149586675	0.000572131166923
Sun Prairie	-1678361862	0.000572131166923
Sun Prairie	1272331084	0.000572131166923
Sun Prairie	2098477952	0.000572131166923
Sun Prairie	747518928	0.000572131166923
Sun Prairie	-1217119262	0.000572131166923
Sun Prairie	1068121168	0.000572131166923
Sun Prairie	-907788920	0.000572131166923
Sun Prairie	14695824	0.000572131166923
Sun Prairie	-911720621	0.000572131166923
Sun Prairie	303579212	0.000572131166923
Sun Prairie	-1471528748	0.000572131166923
Sun Prairie	-835567358	0.000572131166923
Sun Prairie	1043350225	0.000572131166923
Sun Prairie	-1283833037	0.000572131166923
Sun Prairie	-1829092477	0.000572131166923
Sun Prairie	-1809562438	0.000572131166923
Sun Prairie	2140030158	0.000572131166923
Sun Prairie	-1216592643	0.000572131166923
Sun Prairie	-1618590349	0.000572131166923
Sun Prairie	2025342390	0.000572131166923
Sun Prairie	96618120	0.000572131166923
Sun Prairie	1175865077	0.000572131166923
Sun Prairie	-1159968194	0.000572131166923
Sun Prairie	1098533515	0.000572131166923
Sun Prairie	654855378	0.000572131166923
Sun Prairie	1394494741	0.000572131166923
Sun Prairie	1156599397	0.000572131166923
Sun Prairie	-781561566	0.000572131166923
Sun Prairie	1674710430	0.000572131166923
Sun Prairie	-369864117	0.000572131166923
Sun Prairie	105796611	0.000572131166923
Sun Prairie	203576361	0.000572131166923
Sun Prairie	-1836166098	0.000572131166923
Sun Prairie	140661807	0.000572131166923
Sun Prairie	1799640131	0.000572131166923
Sun Prairie	-1678354705	0.000572131166923
Sun Prairie	1633965817	0.000572131166923
Sun Prairie	600772245	0.000572131166923
Sun Prairie	-1646372264	0.000572131166923
Sun Prairie	1906465584	0.000572131166923
Sun Prairie	-94872597	0.000572131166923
Sun Prairie	529292356	0.000572131166923
Sun Prairie	1944214599	0.000572131166923
Sun Prairie	-1433641879	0.000572131166923
Sun Prairie	-2146542382	0.000572131166923
Sun Prairie	1455840905	0.000572131166923
Sun Prairie	-867672426	0.000572131166923
Sun Prairie	405430056	0.000572131166923
Sun Prairie	-44277390	0.000572131166923
Sun Prairie	-1461165596	0.000572131166923
Sun Prairie	1823630037	0.000572131166923
Sun Prairie	934569563	0.000572131166923
Sun Prairie	-845388136	0.000572131166923
Sun Prairie	-811702491	0.000572131166923
Sun Prairie	-1988729006	0.000572131166923
Sun Prairie	-1612159039	0.000572131166923
Sun Prairie	-781162170	0.000572131166923
Sun Prairie	-18454003	0.000572131166923
Sun Prairie	-1373082895	0.000572131166923
Sun Prairie	87059560	0.000572131166923
Sun Prairie	571675185	0.000572131166923
Sun Prairie	2069786645	0.000572131166923
Sun Prairie	-1737854890	0.000572131166923
Sun Prairie	1849585906	0.000572131166923
Sun Prairie	288256467	0.000572131166923
Sun Prairie	83915845	0.000572131166923
Sun Prairie	1249670545	0.000572131166923
Sun Prairie	-1471121700	0.000572131166923
Sun Prairie	-528655857	0.000572131166923
Sun Prairie	-2105771452	0.000572131166923
Sun Prairie	1655339952	0.000572131166923
Sun Prairie	775715988	0.000572131166923
Sun Prairie	-1086817083	0.000572131166923
Sun Prairie	-179929150	0.000572131166923
Sun Prairie	-1254850471	0.000572131166923
Sun Prairie	-1341488845	0.000572131166923
Sun Prairie	2024958746	0.000572131166923
Sun Prairie	-1967881412	0.000572131166923
Sun Prairie	110527356	0.000572131166923
Sun Prairie	-1444772899	0.000572131166923
Sun Prairie	154698821	0.000572131166923
Sun Prairie	-725711511	0.000572131166923
Sun Prairie	-777746806	0.000572131166923
Sun Prairie	-1494972403	0.000572131166923
Sun Prairie	-1985967971	0.000572131166923
Sun Prairie	271616484	0.000572131166923
Sun Prairie	573868608	0.000572131166923
Sun Prairie	-1374254496	0.000572131166923
Sun Prairie	-764769523	0.000572131166923
Sun Prairie	-1069249319	0.000572131166923
Sun Prairie	-1405317638	0.000572131166923
Sun Prairie	1083871514	0.000572131166923
Sun Prairie	-1329032858	0.000572131166923
Sun Prairie	-1673324462	0.000572131166923
Sun Prairie	-1460628886	0.000572131166923
Sun Prairie	-749038628	0.000572131166923
Sun Prairie	27431908	0.000572131166923
Sun Prairie	-745237444	0.000572131166923
Sun Prairie	-644049744	0.000572131166923
Sun Prairie	1714722379	0.000572131166923
Sun Prairie	-7825623	0.000572131166923
Sun Prairie	1150983212	0.000572131166923
Sun Prairie	-786391673	0.000572131166923
Sun Prairie	1171957548	0.000572131166923
Sun Prairie	-1630099469	0.000572131166923
Sun Prairie	-1640323035	0.000572131166923
Sun Prairie	-987584358	0.000572131166923
Sun Prairie	1114417643	0.000572131166923
Sun Prairie	-1975865846	0.000572131166923
Sun Prairie	-794382781	0.000572131166923
Sun Prairie	461156072	0.000572131166923
Sun Prairie	861450121	0.000572131166923
Sun Prairie	2046472233	0.000572131166923
Sun Prairie	-1993035299	0.000572131166923
Sun Prairie	-937250241	0.000572131166923
Sun Prairie	223130278	0.000572131166923
Sun Prairie	621982664	0.000572131166923
Sun Prairie	1267905770	0.000572131166923
Sun Prairie	1158986009	0.000572131166923
Sun Prairie	-814302482	0.000572131166923
Sun Prairie	-961483542	0.000572131166923
Sun Prairie	-727651063	0.000572131166923
Sun Prairie	-1825378832	0.000572131166923
Sun Prairie	735112777	0.000572131166923
Sun Prairie	-1774129478	0.000572131166923
Sun Prairie	680193782	0.000572131166923
Sun Prairie	970861437	0.000572131166923
Sun Prairie	189336090	0.000572131166923
Sun Prairie	908268468	0.000572131166923
Sun Prairie	-328746576	0.000572131166923
Sun Prairie	-1104560253	0.000572131166923
Sun Prairie	984729597	0.000572131166923
Sun Prairie	-343919902	0.000572131166923
Sun Prairie	615255315	0.000572131166923
Sun Prairie	820161764	0.000572131166923
Sun Prairie	-30274214	0.000572131166923
Sun Prairie	-1567879766	0.000572131166923
Sun Prairie	-1412559382	0.000572131166923
Sun Prairie	442371745	0.000572131166923
Sun Prairie	-1315303532	0.000572131166923
Sun Prairie	731779002	0.000572131166923
Sun Prairie	-146927613	0.000572131166923
Sun Prairie	-1487400383	0.000572131166923
Sun Prairie	351933468	0.000572131166923
Sun Prairie	-1068231456	0.000572131166923
Sun Prairie	-1793845945	0.000572131166923
Sun Prairie	-670650776	0.000572131166923
Sun Prairie	-668116209	0.000572131166923
Sun Prairie	259659777	0.000572131166923
Sun Prairie	1032411518	0.000572131166923
Sun Prairie	-572122870	0.000572131166923
Sun Prairie	-1868162742	0.000572131166923
Sun Prairie	814751126	0.000572131166923
Sun Prairie	646979053	0.000572131166923
Sun Prairie	1828855928	0.000572131166923
Sun Prairie	309469490	0.000572131166923
Sun Prairie	-2105924819	0.000572131166923
Sun Prairie	-1142414289	0.000572131166923
Sun Prairie	-2055068484	0.000572131166923
Sun Prairie	-535026426	0.000572131166923
Sun Prairie	-1913116961	0.000572131166923
Sun Prairie	1159997405	0.000572131166923
Sun Prairie	26617895	0.000572131166923
Sun Prairie	300691163	0.000572131166923
Sun Prairie	2103849070	0.000572131166923
Sun Prairie	-1829752688	0.000572131166923
Sun Prairie	-993906030	0.000572131166923
Sun Prairie	1738683054	0.000572131166923
Sun Prairie	-551537926	0.000572131166923
Sun Prairie	-125029563	0.000572131166923
Sun Prairie	400044883	0.000572131166923
Sun Prairie	929707318	0.000572131166923
Sun Prairie	-570673251	0.000572131166923
Sun Prairie	-949788984	0.000572131166923
Sun Prairie	-1076738084	0.000572131166923
Sun Prairie	1745635578	0.000572131166923
Sun Prairie	520767924	0.000572131166923
Sun Prairie	-100774753	0.000572131166923
Sun Prairie	1386106200	0.000572131166923
Sun Prairie	-932818904	0.000572131166923
Sun Prairie	-1726853066	0.000572131166923
Sun Prairie	532753085	0.000572131166923
Sun Prairie	-1904206688	0.000572131166923
Sun Prairie	-697520686	0.000572131166923
Sun Prairie	930379062	0.000572131166923
Sun Prairie	1368833625	0.000572131166923
Sun Prairie	540183474	0.000572131166923
Sun Prairie	1515432471	0.000572131166923
Sun Prairie	2033042198	0.000572131166923
Sun Prairie	246586171	0.000572131166923
Sun Prairie	520275165	0.000572131166923
Sun Prairie	-952689900	0.000572131166923
Sun Prairie	141599390	0.000572131166923
Sun Prairie	-147152142	0.000572131166923
Sun Prairie	-1001610385	0.000572131166923
Sun Prairie	1872667713	0.000572131166923
Sun Prairie	-1655134931	0.000572131166923
Sun Prairie	-513104489	0.000572131166923
Sun Prairie	1584441048	0.000572131166923
Sun Prairie	-690443412	0.000572131166923
Sun Prairie	-791893040	0.000572131166923
Sun Prairie	-518141967	0.000572131166923
Sun Prairie	1392425033	0.000572131166923
Sun Prairie	543865049	0.000572131166923
Sun Prairie	1321585030	0.000572131166923
Sun Prairie	427342994	0.000572131166923
Sun Prairie	769178962	0.000572131166923
Sun Prairie	604814771	0.000572131166923
Sun Prairie	-638007428	0.000572131166923
Sun Prairie	-574568531	0.000572131166923
Sun Prairie	136104152	0.000572131166923
Sun Prairie	1997064490	0.000572131166923
Sun Prairie	-1412642368	0.000572131166923
Sun Prairie	1257655709	0.000572131166923
Sun Prairie	-890188816	0.000572131166923
Sun Prairie	207146028	0.000572131166923
Sun Prairie	-734736841	0.000572131166923
Sun Prairie	96784120	0.000572131166923
Sun Prairie	1527478318	0.000572131166923
Sun Prairie	-1127555987	0.000572131166923
Sun Prairie	-1884365346	0.000572131166923
Sun Prairie	-235348119	0.000572131166923
Sun Prairie	-593698886	0.000572131166923
Sun Prairie	1396647262	0.000572131166923
Sun Prairie	1921246288	0.000572131166923
Sun Prairie	-327884422	0.000572131166923
Sun Prairie	-1063198190	0.000572131166923
Sun Prairie	678715388	0.000572131166923
Sun Prairie	-1300700256	0.000572131166923
Sun Prairie	184083491	0.000572131166923
Sun Prairie	646505782	0.000572131166923
Sun Prairie	-1343691058	0.000572131166923
Sun Prairie	-259725279	0.000572131166923
Sun Prairie	1338697844	0.000572131166923
Sun Prairie	829221015	0.000572131166923
Sun Prairie	306637124	0.000572131166923
Sun Prairie	-2085295759	0.000572131166923
Sun Prairie	728165276	0.000572131166923
Sun Prairie	-850727659	0.000572131166923
Sun Prairie	-863440878	0.000572131166923
Sun Prairie	687796708	0.000572131166923
Sun Prairie	-2135042907	0.000572131166923
Sun Prairie	908919065	0.000572131166923
Sun Prairie	358733779	0.000572131166923
Sun Prairie	427419829	0.000572131166923
Sun Prairie	1256205916	0.000572131166923
Sun Prairie	464985944	0.000572131166923
Sun Prairie	-1262016857	0.000572131166923
Sun Prairie	884418250	0.000572131166923
Sun Prairie	-2014763284	0.000572131166923
Sun Prairie	1032005506	0.000572131166923
Sun Prairie	2143234050	0.000572131166923
Sun Prairie	-446748592	0.000572131166923
Sun Prairie	1183525150	0.000572131166923
Sun Prairie	-1903613588	0.000572131166923
Sun Prairie	143469118	0.000572131166923
Sun Prairie	-597087632	0.000572131166923
Sun Prairie	-1076155680	0.000572131166923
Sun Prairie	1722100663	0.000572131166923
Sun Prairie	-2019588264	0.000572131166923
Sun Prairie	929639537	0.000572131166923
Sun Prairie	1444883585	0.000572131166923
Sun Prairie	1463233717	0.000572131166923
Sun Prairie	1032794676	0.000572131166923
Sun Prairie	-1279971918	0.000572131166923
Sun Prairie	-1069994523	0.000572131166923
Sun Prairie	-224973327	0.000572131166923
Sun Prairie	-2027452499	0.000572131166923
Sun Prairie	-1551814838	0.000572131166923
Sun Prairie	2145613894	0.000572131166923
Sun Prairie	-1775422452	0.000572131166923
Sun Prairie	1088893980	0.000572131166923
Sun Prairie	108606838	0.000572131166923
Sun Prairie	1080243655	0.000572131166923
Sun Prairie	105068028	0.000572131166923
Sun Prairie	-831047771	0.000572131166923
Sun Prairie	1500068013	0.000572131166923
Sun Prairie	517028872	0.000572131166923
Sun Prairie	77020242	0.000572131166923
Sun Prairie	206388900	0.000572131166923
Sun Prairie	-1656144155	0.000572131166923
Sun Prairie	-1564000256	0.000572131166923
Sun Prairie	-1646206960	0.000572131166923
Sun Prairie	716737214	0.000572131166923
Sun Prairie	561332382	0.000572131166923
Sun Prairie	-10187970	0.000572131166923
Sun Prairie	1955677326	0.000572131166923
Sun Prairie	1151159665	0.000572131166923
Sun Prairie	90525143	0.000572131166923
Sun Prairie	1237537280	0.000572131166923
Sun Prairie	244798116	0.000572131166923
Sun Prairie	-1210887229	0.000572131166923
Sun Prairie	-665364088	0.000572131166923
Sun Prairie	-1996692412	0.000572131166923
Sun Prairie	2070240080	0.000572131166923
Sun Prairie	-303735862	0.000572131166923
Sun Prairie	1674538143	0.000572131166923
Sun Prairie	708537688	0.000572131166923
Sun Prairie	72053290	0.000572131166923
Sun Prairie	2026205747	0.000572131166923
Sun Prairie	1035825946	0.000572131166923
Sun Prairie	1505981270	0.000572131166923
Sun Prairie	1277662013	0.000572131166923
Sun Prairie	1451455385	0.000572131166923
Sun Prairie	787313694	0.000572131166923
Sun Prairie	1710453825	0.000572131166923
Sun Prairie	-1407741071	0.000572131166923
Sun Prairie	1560507836	0.000572131166923
Sun Prairie	1871672799	0.000572131166923
Sun Prairie	1968928678	0.000572131166923
Sun Prairie	2016639020	0.000572131166923
Sun Prairie	-1841989517	0.000572131166923
Sun Prairie	2045212925	0.000572131166923
Sun Prairie	-1497269893	0.000572131166923
Sun Prairie	-321029563	0.000572131166923
Sun Prairie	404978364	0.000572131166923
Sun Prairie	1010793773	0.000572131166923
Sun Prairie	-611353173	0.000572131166923
Sun Prairie	1377926890	0.000572131166923
Sun Prairie	-156794793	0.000572131166923
Sun Prairie	-126647851	0.000572131166923
Sun Prairie	-1478131001	0.000572131166923
Sun Prairie	1228505861	0.000572131166923
Sun Prairie	489876393	0.000572131166923
Sun Prairie	1491830337	0.000572131166923
Sun Prairie	2049148511	0.000572131166923
Sun Prairie	1385137780	0.000572131166923
Sun Prairie	-1761900779	0.000572131166923
Sun Prairie	1443202858	0.000572131166923
Sun Prairie	-1590851752	0.000572131166923
Sun Prairie	-132413519	0.000572131166923
Sun Prairie	-45774877	0.000572131166923
Sun Prairie	1650165747	0.000572131166923
Sun Prairie	-733636951	0.000572131166923
Sun Prairie	-1425413021	0.000572131166923
Sun Prairie	-1085961344	0.000572131166923
Sun Prairie	1706134469	0.000572131166923
Sun Prairie	-1320448776	0.000572131166923
Sun Prairie	180456797	0.000572131166923
Sun Prairie	-15364690	0.000572131166923
Sun Prairie	55021133	0.000572131166923
Sun Prairie	408129213	0.000572131166923
Sun Prairie	-968189995	0.000572131166923
Sun Prairie	836603692	0.000572131166923
Sun Prairie	-567701661	0.000572131166923
Sun Prairie	1858355886	0.000572131166923
Sun Prairie	-1296592567	0.000572131166923
Sun Prairie	222401146	0.000572131166923
Sun Prairie	-1350593609	0.000572131166923
Sun Prairie	-1604348834	0.000572131166923
Sun Prairie	-1563978459	0.000572131166923
Sun Prairie	841848199	0.000572131166923
Sun Prairie	-357067280	0.000572131166923
Sun Prairie	2101843464	0.000572131166923
Sun Prairie	1405239335	0.000572131166923
Sun Prairie	1934726908	0.000572131166923
Sun Prairie	-1730663	0.000572131166923
Sun Prairie	275748872	0.000572131166923
Sun Prairie	-2015258519	0.000572131166923
Sun Prairie	-749233695	0.000572131166923
Sun Prairie	-1553491396	0.000572131166923
Sun Prairie	2113116841	0.000572131166923
Sun Prairie	1440586421	0.000572131166923
Sun Prairie	-1512072435	0.000572131166923
Sun Prairie	-164783325	0.000572131166923
Sun Prairie	345087283	0.000572131166923
Sun Prairie	80452973	0.000572131166923
Sun Prairie	479436199	0.000572131166923
Sun Prairie	2058067455	0.000572131166923
Sun Prairie	169799644	0.000572131166923
Sun Prairie	-690380830	0.000572131166923
Sun Prairie	907649130	0.000572131166923
Sun Prairie	-1473535859	0.000572131166923
Sun Prairie	1193648646	0.000572131166923
Sun Prairie	1474273824	0.000572131166923
Sun Prairie	1981653582	0.000572131166923
Sun Prairie	-776887582	0.000572131166923
Sun Prairie	-82729650	0.000572131166923
Sun Prairie	843556554	0.000572131166923
Sun Prairie	18720735	0.000572131166923
Sun Prairie	1286861873	0.000572131166923
Sun Prairie	1664370071	0.000572131166923
Sun Prairie	-1231568879	0.000572131166923
Sun Prairie	-1924677312	0.000572131166923
Sun Prairie	-1355265291	0.000572131166923
Sun Prairie	2135671306	0.000572131166923
Sun Prairie	1254474430	0.000572131166923
Sun Prairie	1525925391	0.000572131166923
Sun Prairie	1402062366	0.000572131166923
Sun Prairie	1712715371	0.000572131166923
Sun Prairie	-223230059	0.000572131166923
Sun Prairie	-991180886	0.000572131166923
Sun Prairie	1415956719	0.000572131166923
Sun Prairie	-550516042	0.000572131166923
Sun Prairie	-1805399227	0.000572131166923
Sun Prairie	1857408279	0.000572131166923
Sun Prairie	315215268	0.000572131166923
Sun Prairie	-1223045557	0.000572131166923
Sun Prairie	1337839208	0.000572131166923
Sun Prairie	1697238693	0.000572131166923
Sun Prairie	1482580282	0.000572131166923
Sun Prairie	-109556413	0.000572131166923
Sun Prairie	-1079390022	0.000572131166923
Sun Prairie	1029131639	0.000572131166923
Sun Prairie	-81931735	0.000572131166923
Sun Prairie	397681607	0.000572131166923
Sun Prairie	-1802251330	0.000572131166923
Sun Prairie	616682618	0.000572131166923
Sun Prairie	758896076	0.000572131166923
Sun Prairie	-867838158	0.000572131166923
Sun Prairie	-754460719	0.000572131166923
Sun Prairie	-2024155148	0.000572131166923
Sun Prairie	-577439391	0.000572131166923
Sun Prairie	11262588	0.000572131166923
Sun Prairie	1089854446	0.000572131166923
Sun Prairie	1282268238	0.000572131166923
Sun Prairie	-681845649	0.000572131166923
Sun Prairie	-156435937	0.000572131166923
Sun Prairie	900848906	0.000572131166923
Sun Prairie	-1515332327	0.000572131166923
Sun Prairie	1523178862	0.000572131166923
Sun Prairie	1586748830	0.000572131166923
Sun Prairie	876988957	0.000572131166923
Sun Prairie	578149912	0.000572131166923
Sun Prairie	4185855	0.000572131166923
Sun Prairie	1214766979	0.000572131166923
Sun Prairie	255188912	0.000572131166923
Sun Prairie	-1608691645	0.000572131166923
Sun Prairie	24240892	0.000572131166923
Sun Prairie	-961158350	0.000572131166923
Sun Prairie	-1157765813	0.000572131166923
Sun Prairie	1848239577	0.000572131166923
Sun Prairie	-757340549	0.000572131166923
Sun Prairie	-17586555	0.000572131166923
Sun Prairie	1457907666	0.000572131166923
Sun Prairie	-916068268	0.000572131166923
Sun Prairie	633334001	0.000572131166923
Sun Prairie	840558987	0.000572131166923
Sun Prairie	2106583709	0.000572131166923
Sun Prairie	291891939	0.000572131166923
Sun Prairie	-1231295363	0.000572131166923
Sun Prairie	1864101106	0.000572131166923
Sun Prairie	-701633270	0.000572131166923
Sun Prairie	31714582	0.000572131166923
Sun Prairie	724430427	0.000572131166923
Sun Prairie	-1574179206	0.000572131166923
Sun Prairie	2109337497	0.000572131166923
Sun Prairie	489549925	0.000572131166923
Sun Prairie	253227256	0.000572131166923
Sun Prairie	-455216864	0.000572131166923
Sun Prairie	-906497728	0.000572131166923
Sun Prairie	-1799228757	0.000572131166923
Sun Prairie	-1672482048	0.000572131166923
Sun Prairie	-1828195564	0.000572131166923
Sun Prairie	-1353583711	0.000572131166923
Sun Prairie	195687385	0.000572131166923
Sun Prairie	1852437859	0.000572131166923
Sun Prairie	-2099906844	0.000572131166923
Sun Prairie	1690564680	0.000572131166923
Sun Prairie	517732575	0.000572131166923
Sun Prairie	1950218701	0.000572131166923
Sun Prairie	-922093097	0.000572131166923
Sun Prairie	-1287914980	0.000572131166923
Sun Prairie	1414003380	0.000572131166923
Sun Prairie	-1943274586	0.000572131166923
Sun Prairie	-1858602051	0.000572131166923
Sun Prairie	948698442	0.000572131166923
Sun Prairie	-591790505	0.000572131166923
Sun Prairie	907018235	0.000572131166923
Sun Prairie	-1334049757	0.000572131166923
Sun Prairie	-1333000809	0.000572131166923
Sun Prairie	476710468	0.000572131166923
Sun Prairie	237111054	0.000572131166923
Sun Prairie	817955192	0.000572131166923
Sun Prairie	-788395522	0.000572131166923
Sun Prairie	195955709	0.000572131166923
Sun Prairie	89394211	0.000572131166923
Sun Prairie	-969274284	0.000572131166923
Sun Prairie	1766329486	0.000572131166923
Sun Prairie	-2062537489	0.000572131166923
Sun Prairie	78917255	0.000572131166923
Sun Prairie	-143772718	0.000572131166923
Sun Prairie	-209122522	0.000572131166923
Sun Prairie	-2137539565	0.000572131166923
Sun Prairie	1695486452	0.000572131166923
Sun Prairie	1506503069	0.000572131166923
Sun Prairie	102439456	0.000572131166923
Sun Prairie	326550854	0.000572131166923
Sun Prairie	-615073429	0.000572131166923
Sun Prairie	-829898603	0.000572131166923
Sun Prairie	207012205	0.000572131166923
Sun Prairie	-298925463	0.000572131166923
Sun Prairie	607699900	0.000572131166923
Sun Prairie	-1037889984	0.000572131166923
Sun Prairie	454345776	0.000572131166923
Sun Prairie	1822606632	0.000572131166923
Sun Prairie	995762480	0.000572131166923
Sun Prairie	-1833776329	0.000572131166923
Sun Prairie	-1771909702	0.000572131166923
Sun Prairie	-452801058	0.000572131166923
Sun Prairie	-1675309499	0.000572131166923
Sun Prairie	-613625519	0.000572131166923
Sun Prairie	365483012	0.000572131166923
Sun Prairie	-1717644055	0.000572131166923
Sun Prairie	946132302	0.000572131166923
Sun Prairie	-2055678336	0.000572131166923
Sun Prairie	-8202567	0.000572131166923
Sun Prairie	864868058	0.000572131166923
Sun Prairie	-682305795	0.000572131166923
Sun Prairie	1909118797	0.000572131166923
Sun Prairie	1988417920	0.000572131166923
Sun Prairie	203086501	0.000572131166923
Sun Prairie	-1182737721	0.000572131166923
Sun Prairie	-1113924754	0.000572131166923
Sun Prairie	-406921503	0.000572131166923
Sun Prairie	53704	0.000572131166923
Sun Prairie	981661459	0.000572131166923
Sun Prairie	655130263	0.000572131166923
Sun Prairie	-1322321879	0.000572131166923
Sun Prairie	-1300694645	0.000572131166923
Sun Prairie	-1412630116	0.000572131166923
Sun Prairie	-1482753606	0.000572131166923
Sun Prairie	859896405	0.000572131166923
Sun Prairie	1188625029	0.000572131166923
Sun Prairie	598801083	0.000572131166923
Sun Prairie	2036660995	0.000572131166923
Sun Prairie	-1350370077	0.000572131166923
Sun Prairie	-640176949	0.000572131166923
Sun Prairie	1518140753	0.000572131166923
Sun Prairie	1873477034	0.000572131166923
Sun Prairie	856751626	0.000572131166923
Sun Prairie	-962527636	0.000572131166923
Sun Prairie	-693567783	0.000572131166923
Sun Prairie	1651441702	0.000572131166923
Sun Prairie	-550698884	0.000572131166923
Sun Prairie	91422868	0.000572131166923
Sun Prairie	-323157777	0.000572131166923
Sun Prairie	1386938651	0.000572131166923
Sun Prairie	1028850040	0.000572131166923
Sun Prairie	581763840	0.000572131166923
Sun Prairie	-2007563106	0.000572131166923
Sun Prairie	1418921207	0.000572131166923
Sun Prairie	22480133	0.000572131166923
Sun Prairie	1416168779	0.000572131166923
Sun Prairie	-1161492487	0.000572131166923
Sun Prairie	-327219174	0.000572131166923
